EuroPheno.stock_id,pheno_date,time_taken,who,pseudo_rep_no,canopy_height,leaf_ligule,stem_count,leaf_length_cm,leaf_width_cm,fresh_weight_plant,fresh_weight_sub_sample,field_flowering_score
27844,08/07/2015,12:08,eey9,,124.0,0,178,,,,,
27844,08/07/2015,12:11,eey9,1,,0,,,,,,
27844,08/07/2015,12:11,eey9,2,,0,,,,,,
27844,08/07/2015,12:11,eey9,3,,0,,,,,,
27844,08/07/2015,12:11,eey9,4,,0,,,,,,
27844,08/07/2015,12:11,eey9,5,,0,,,,,,
27844,08/07/2015,12:11,eey9,6,,0,,,,,,
27844,08/07/2015,12:11,eey9,7,,0,,77.6,1.5,,,
27844,08/07/2015,12:11,eey9,8,,0,,73.5,1.2,,,
27844,08/07/2015,12:12,eey9,9,,0,,53.7,1.5,,,
27844,08/07/2015,12:13,eey9,10,,0,,16.5,0.3,,,
27880,08/07/2015,12:13,eey9,,118.0,0,98,,,,,
27880,08/07/2015,12:15,eey9,1,,0,,,,,,
27880,08/07/2015,12:16,eey9,2,,0,,,,,,
27880,08/07/2015,12:16,eey9,3,,0,,,,,,
27880,08/07/2015,12:16,eey9,4,,0,,,,,,
27880,08/07/2015,12:16,eey9,5,,0,,,,,,
27880,08/07/2015,12:16,eey9,6,,0,,,,,,
27880,08/07/2015,12:16,eey9,7,,1,,67.0,1.8,,,
27880,08/07/2015,12:16,eey9,8,,0,,51.8,2.0,,,
27880,08/07/2015,12:17,eey9,9,,0,,27.1,0.7,,,
27874,08/07/2015,12:18,eey9,,130.0,0,146,,,,,
27874,08/07/2015,12:20,eey9,1,,0,,,,,,
27874,08/07/2015,12:20,eey9,2,,0,,,,,,
27874,08/07/2015,12:20,eey9,3,,0,,,,,,
27874,08/07/2015,12:20,eey9,4,,0,,,,,,
27874,08/07/2015,12:20,eey9,5,,0,,,,,,
27874,08/07/2015,12:20,eey9,6,,1,,66.6,1.5,,,
27874,08/07/2015,12:20,eey9,7,,0,,66.4,1.6,,,
27874,08/07/2015,12:21,eey9,8,,0,,41.9,1.5,,,
27874,08/07/2015,12:21,eey9,9,,0,,6.7,0.1,,,
27829,08/07/2015,12:22,eey9,,88.0,0,104,,,,,
27829,08/07/2015,12:24,eey9,1,,0,,,,,,
27829,08/07/2015,12:25,eey9,2,,0,,,,,,
27829,08/07/2015,12:25,eey9,3,,0,,,,,,
27829,08/07/2015,12:25,eey9,4,,0,,,,,,
27829,08/07/2015,12:25,eey9,5,,0,,,,,,
27829,08/07/2015,12:25,eey9,6,,1,,44.9,0.7,,,
27829,08/07/2015,12:25,eey9,7,,0,,43.6,0.7,,,
27829,08/07/2015,12:26,eey9,8,,0,,29.4,0.4,,,
27850,08/07/2015,12:28,eey9,,149.0,0,204,,,,,
27850,08/07/2015,12:30,eey9,1,,0,,,,,,
27850,08/07/2015,12:31,eey9,2,,0,,,,,,
27850,08/07/2015,12:31,eey9,3,,0,,,,,,
27850,08/07/2015,12:31,eey9,4,,0,,,,,,
27850,08/07/2015,12:31,eey9,5,,0,,,,,,
27850,08/07/2015,12:31,eey9,6,,0,,,,,,
27850,08/07/2015,12:31,eey9,7,,1,,73.6,1.2,,,
27850,08/07/2015,12:31,eey9,8,,0,,69.6,1.2,,,
27850,08/07/2015,12:32,eey9,9,,0,,43.5,0.8,,,
27850,08/07/2015,12:32,eey9,10,,0,,20.7,0.7,,,
27958,08/07/2015,12:34,eey9,,115.0,0,144,,,,,
27958,08/07/2015,12:36,eey9,1,,0,,,,,,
27958,08/07/2015,12:36,eey9,2,,0,,,,,,
27958,08/07/2015,12:37,eey9,3,,0,,,,,,
27958,08/07/2015,12:37,eey9,4,,0,,,,,,
27958,08/07/2015,12:37,eey9,5,,1,,64.0,1.5,,,
27958,08/07/2015,12:37,eey9,6,,0,,67.0,1.4,,,
27958,08/07/2015,12:38,eey9,7,,0,,48.7,1.4,,,
27958,08/07/2015,12:39,eey9,8,,0,,20.8,0.7,,,
27908,08/07/2015,12:39,eey9,,97.0,0,114,,,,,
27908,08/07/2015,12:40,eey9,1,,0,,,,,,
27908,08/07/2015,12:41,eey9,2,,0,,,,,,
27908,08/07/2015,12:41,eey9,3,,0,,,,,,
27908,08/07/2015,12:41,eey9,4,,0,,,,,,
27908,08/07/2015,12:41,eey9,5,,0,,,,,,
27908,08/07/2015,12:41,eey9,6,,0,,,,,,
27908,08/07/2015,12:41,eey9,7,,1,,50.5,0.7,,,
27908,08/07/2015,12:41,eey9,8,,1,,50.0,0.7,,,
27908,08/07/2015,12:42,eey9,9,,0,,41.8,0.7,,,
27908,08/07/2015,12:43,eey9,10,,0,,22.5,0.7,,,
27918,08/07/2015,12:43,eey9,,142.0,0,108,,,,,
27918,08/07/2015,12:45,eey9,1,,0,,,,,,
27918,08/07/2015,12:45,eey9,2,,0,,,,,,
27918,08/07/2015,12:46,eey9,3,,0,,,,,,
27918,08/07/2015,12:46,eey9,4,,1,,73.9,0.8,,,
27918,08/07/2015,12:47,eey9,5,,0,,73.5,0.7,,,
27918,08/07/2015,12:48,eey9,6,,0,,49.5,0.7,,,
27918,08/07/2015,12:48,eey9,7,,0,,22.5,0.1,,,
27986,08/07/2015,12:49,eey9,,125.0,0,188,,,,,
27986,08/07/2015,12:50,eey9,1,,0,,,,,,
27986,08/07/2015,12:50,eey9,2,,0,,,,,,
27986,08/07/2015,12:50,eey9,3,,0,,,,,,
27986,08/07/2015,12:50,eey9,4,,0,,,,,,
27986,08/07/2015,12:51,eey9,5,,0,,,,,,
27986,08/07/2015,12:51,eey9,6,,1,,76.5,1.6,,,
27986,08/07/2015,12:51,eey9,7,,0,,71.6,1.8,,,
27986,08/07/2015,12:52,eey9,8,,0,,42.3,1.3,,,
27986,08/07/2015,12:52,eey9,9,,0,,5.6,0.1,,,
27963,08/07/2015,12:53,eey9,,111.0,0,148,,,,,
27963,08/07/2015,12:54,eey9,1,,0,,,,,,
27963,08/07/2015,12:54,eey9,2,,0,,,,,,
27963,08/07/2015,12:54,eey9,3,,0,,,,,,
27963,08/07/2015,12:54,eey9,4,,0,,,,,,
27963,08/07/2015,12:54,eey9,5,,0,,,,,,
27963,08/07/2015,12:55,eey9,6,,0,,,,,,
27963,08/07/2015,12:55,eey9,7,,1,,67.0,1.8,,,
27963,08/07/2015,12:55,eey9,8,,0,,44.6,1.7,,,
27963,08/07/2015,12:56,eey9,9,,0,,17.6,0.5,,,
28040,08/07/2015,12:57,eey9,,111.0,0,142,,,,,
28040,08/07/2015,12:58,eey9,1,,0,,,,,,
28040,08/07/2015,12:58,eey9,2,,0,,,,,,
28040,08/07/2015,12:58,eey9,3,,0,,,,,,
28040,08/07/2015,12:58,eey9,4,,0,,,,,,
28040,08/07/2015,12:58,eey9,5,,0,,,,,,
28040,08/07/2015,12:59,eey9,6,,0,,,,,,
28040,08/07/2015,12:59,eey9,7,,1,,65.3,1.9,,,
28040,08/07/2015,12:59,eey9,8,,0,,51.5,2.0,,,
28040,08/07/2015,12:59,eey9,9,,0,,21.5,0.4,,,
28092,08/07/2015,13:01,eey9,,93.0,0,107,,,,,
28092,08/07/2015,13:02,eey9,1,,0,,,,,,
28092,08/07/2015,13:02,eey9,2,,0,,,,,,
28092,08/07/2015,13:02,eey9,3,,0,,,,,,
28092,08/07/2015,13:02,eey9,4,,0,,,,,,
28092,08/07/2015,13:02,eey9,5,,0,,,,,,
28092,08/07/2015,13:02,eey9,6,,0,,,,,,
28092,08/07/2015,13:02,eey9,7,,1,,56.3,0.8,,,
28092,08/07/2015,13:02,eey9,8,,0,,46.0,0.8,,,
28092,08/07/2015,13:03,eey9,9,,0,,34.0,0.7,,,
28035,08/07/2015,13:04,eey9,,130.0,0,256,,,,,
28035,08/07/2015,13:06,eey9,1,,0,,,,,,
28035,08/07/2015,13:06,eey9,2,,0,,,,,,
28035,08/07/2015,13:06,eey9,3,,0,,,,,,
28035,08/07/2015,13:06,eey9,4,,0,,,,,,
28035,08/07/2015,13:06,eey9,5,,0,,,,,,
28035,08/07/2015,13:06,eey9,6,,0,,70.5,1.8,,,
28035,08/07/2015,13:07,eey9,7,,0,,70.0,1.9,,,
28035,08/07/2015,13:07,eey9,8,,0,,46.8,1.6,,,
28035,08/07/2015,13:07,eey9,9,,0,,21.6,0.8,,,
28088,08/07/2015,13:10,eey9,,135.0,0,246,,,,,
28088,08/07/2015,13:10,eey9,1,,0,,,,,,
28088,08/07/2015,13:10,eey9,2,,0,,,,,,
28088,08/07/2015,13:10,eey9,3,,0,,,,,,
28088,08/07/2015,13:10,eey9,4,,0,,,,,,
28088,08/07/2015,13:10,eey9,5,,0,,,,,,
28088,08/07/2015,13:11,eey9,6,,1,,68.7,1.0,,,
28088,08/07/2015,13:11,eey9,7,,0,,75.7,1.0,,,
28088,08/07/2015,13:12,eey9,8,,0,,71.8,1.2,,,
28088,08/07/2015,13:12,eey9,9,,0,,48.0,1.0,,,
28088,08/07/2015,13:13,eey9,10,,0,,20.0,0.2,,,
28080,08/07/2015,13:13,eey9,,130.0,0,234,,,,,
28080,08/07/2015,13:14,eey9,1,,0,,,,,,
28080,08/07/2015,13:14,eey9,2,,0,,,,,,
28080,08/07/2015,13:14,eey9,3,,0,,,,,,
28080,08/07/2015,13:14,eey9,4,,0,,,,,,
28080,08/07/2015,13:14,eey9,5,,0,,,,,,
28080,08/07/2015,13:14,eey9,6,,1,,73.5,1.4,,,
28080,08/07/2015,13:15,eey9,7,,1,,78.6,1.6,,,
28080,08/07/2015,13:15,eey9,8,,0,,57.1,1.4,,,
28080,08/07/2015,13:16,eey9,9,,0,,25.1,0.7,,,
354,09/07/2015,08:49,eey9,,,,,,,3.14,177.0,
364,09/07/2015,10:58,eey9,,,,,,,0.96,347.0,
444,09/07/2015,11:01,eey9,,,,,,,3.56,489.8,
534,09/07/2015,11:10,eey9,,,,,,,3.76,529.3,
614,09/07/2015,11:15,eey9,,,,,,,2.93,611.8,
624,09/07/2015,11:19,eey9,,,,,,,1.14,542.1,
564,09/07/2015,11:25,eey9,,,,,,,2.24,782.6,
574,09/07/2015,11:28,eey9,,,,,,,1.74,774.3,
584,09/07/2015,11:34,eey9,,,,,,,3.7,691.8,
484,09/07/2015,11:38,eey9,,,,,,,2.1,714.6,
404,09/07/2015,11:52,eey9,,,,,,,3.6,948.3,
394,09/07/2015,11:55,eey9,,,,,,,3.46,763.2,
424,09/07/2015,12:02,eey9,,,,,,,4.26,597.3,
464,09/07/2015,12:05,eey9,,,,,,,1.86,495.1,
514,09/07/2015,12:15,eey9,,,,,,,4.56,487.7,
504,09/07/2015,12:19,eey9,,,,,,,2.64,510.1,
11,10/07/2015,12:49,eey9,,133.0,0,61,,,,,
11,10/07/2015,12:52,eey9,1,,0,,,,,,
11,10/07/2015,12:52,eey9,2,,0,,,,,,
11,10/07/2015,12:52,eey9,3,,0,,,,,,
11,10/07/2015,12:52,eey9,4,,0,,,,,,
11,10/07/2015,12:52,eey9,5,,0,,,,,,
11,10/07/2015,12:52,eey9,6,,1,,74.3,1.4,,,
11,10/07/2015,12:53,eey9,7,,0,,71.0,1.7,,,
11,10/07/2015,12:53,eey9,8,,0,,48.4,1.4,,,
11,10/07/2015,12:54,eey9,9,,0,,17.2,0.1,,,
12,10/07/2015,12:55,eey9,,127.0,0,40,,,,,
12,10/07/2015,12:56,eey9,1,,0,,,,,,
12,10/07/2015,12:57,eey9,2,,0,,,,,,
12,10/07/2015,12:57,eey9,3,,0,,,,,,
12,10/07/2015,12:57,eey9,4,,0,,,,,,
12,10/07/2015,12:57,eey9,5,,0,,,,,,
12,10/07/2015,12:57,eey9,6,,1,,68.5,1.8,,,
12,10/07/2015,12:57,eey9,7,,0,,80.6,1.9,,,
12,10/07/2015,12:58,eey9,8,,0,,70.0,2.0,,,
13,10/07/2015,13:00,eey9,,124.0,0,43,,,,,2
13,10/07/2015,13:01,eey9,1,,0,,,,,,
13,10/07/2015,13:02,eey9,2,,0,,,,,,
13,10/07/2015,13:02,eey9,3,,0,,,,,,
13,10/07/2015,13:02,eey9,4,,0,,,,,,
13,10/07/2015,13:02,eey9,5,,0,,,,,,
13,10/07/2015,13:02,eey9,6,,1,,81.0,2.3,,,
13,10/07/2015,13:02,eey9,7,,0,,62.0,2.2,,,
13,10/07/2015,13:03,eey9,8,,0,,42.0,1.5,,,
13,10/07/2015,13:04,eey9,9,,0,,14.0,0.2,,,
21,10/07/2015,13:04,eey9,,144.0,0,30,,,,,
21,10/07/2015,13:06,eey9,1,,0,,,,,,
21,10/07/2015,13:07,eey9,2,,0,,,,,,
21,10/07/2015,13:07,eey9,3,,0,,,,,,
21,10/07/2015,13:07,eey9,4,,0,,,,,,
21,10/07/2015,13:07,eey9,5,,1,,64.0,2.9,,,
21,10/07/2015,13:08,eey9,6,,1,,76.0,3.0,,,
21,10/07/2015,13:09,eey9,7,,0,,67.0,2.8,,,
21,10/07/2015,13:09,eey9,8,,0,,44.0,2.6,,,
21,10/07/2015,13:10,eey9,9,,0,,27.5,1.0,,,
22,10/07/2015,13:10,eey9,,149.0,0,20,,,,,
22,10/07/2015,13:13,eey9,1,,0,,,,,,
22,10/07/2015,13:13,eey9,2,,0,,,,,,
22,10/07/2015,13:13,eey9,3,,0,,,,,,
22,10/07/2015,13:13,eey9,4,,0,,,,,,
22,10/07/2015,13:14,eey9,5,,0,,,,,,
22,10/07/2015,13:14,eey9,6,,1,,86.0,3.0,,,
22,10/07/2015,13:14,eey9,7,,0,,79.6,2.7,,,
22,10/07/2015,13:15,eey9,8,,0,,53.5,2.2,,,
22,10/07/2015,13:15,eey9,9,,0,,11.0,0.1,,,
23,10/07/2015,13:16,eey9,,143.0,0,25,,,,,
23,10/07/2015,13:17,eey9,1,,0,,,,,,
23,10/07/2015,13:17,eey9,2,,0,,,,,,
23,10/07/2015,13:17,eey9,3,,0,,,,,,
23,10/07/2015,13:17,eey9,4,,0,,,,,,
23,10/07/2015,13:17,eey9,5,,0,,,,,,
23,10/07/2015,13:17,eey9,6,,1,,68.0,2.9,,,
23,10/07/2015,13:18,eey9,7,,1,,78.5,3.3,,,
23,10/07/2015,13:19,eey9,8,,0,,67.4,2.7,,,
23,10/07/2015,13:19,eey9,9,,0,,49.4,2.2,,,
23,10/07/2015,13:20,eey9,10,,0,,24.0,0.5,,,
31,10/07/2015,13:20,eey9,,124.0,0,37,,,,,2
31,10/07/2015,13:22,eey9,1,,0,,,,,,
31,10/07/2015,13:23,eey9,2,,0,,,,,,
31,10/07/2015,13:23,eey9,3,,0,,,,,,
31,10/07/2015,13:23,eey9,4,,1,,60.0,2.3,,,
31,10/07/2015,13:23,eey9,5,,1,,83.0,2.3,,,
31,10/07/2015,13:24,eey9,6,,0,,76.0,2.3,,,
31,10/07/2015,13:24,eey9,7,,0,,50.7,2.0,,,
31,10/07/2015,13:25,eey9,8,,0,,35.0,1.0,,,
31,10/07/2015,13:25,eey9,9,,0,,9.5,0.1,,,
32,10/07/2015,13:25,eey9,,128.0,0,50,,,,,2
32,10/07/2015,13:27,eey9,1,,0,,,,,,
32,10/07/2015,13:28,eey9,2,,0,,,,,,
32,10/07/2015,13:28,eey9,3,,0,,,,,,
32,10/07/2015,13:28,eey9,4,,0,,,,,,
32,10/07/2015,13:28,eey9,5,,0,,,,,,
32,10/07/2015,13:28,eey9,6,,1,,77.5,2.3,,,
32,10/07/2015,13:28,eey9,7,,0,,63.0,2.3,,,
32,10/07/2015,13:29,eey9,8,,0,,48.3,1.6,,,
32,10/07/2015,13:29,eey9,9,,0,,22.6,0.3,,,
33,10/07/2015,13:30,eey9,,119.0,0,24,,,,,
33,10/07/2015,13:31,eey9,1,,0,,,,,,
33,10/07/2015,13:31,eey9,2,,0,,,,,,
33,10/07/2015,13:31,eey9,3,,0,,,,,,
33,10/07/2015,13:32,eey9,4,,0,,,,,,
33,10/07/2015,13:32,eey9,5,,1,,72.0,2.0,,,
33,10/07/2015,13:32,eey9,6,,1,,75.0,2.2,,,
33,10/07/2015,13:32,eey9,7,,0,,61.8,1.9,,,
33,10/07/2015,13:33,eey9,8,,0,,45.2,0.5,,,
41,10/07/2015,13:33,eey9,,139.0,0,30,,,,,
41,10/07/2015,13:36,eey9,1,,0,,,,,,
41,10/07/2015,13:36,eey9,2,,0,,,,,,
41,10/07/2015,13:36,eey9,3,,0,,,,,,
41,10/07/2015,13:36,eey9,4,,0,,,,,,
41,10/07/2015,13:36,eey9,5,,0,,,,,,
41,10/07/2015,13:36,eey9,6,,1,,75.5,3.3,,,
41,10/07/2015,13:36,eey9,7,,0,,82.0,1.4,,,
41,10/07/2015,13:37,eey9,8,,0,,74.5,2.5,,,
41,10/07/2015,13:38,eey9,9,,0,,48.0,2.2,,,
41,10/07/2015,13:38,eey9,10,,0,,17.6,0.6,,,
42,10/07/2015,13:38,eey9,,145.0,0,24,,,,,
42,10/07/2015,13:40,eey9,1,,0,,,,,,
42,10/07/2015,13:40,eey9,2,,0,,,,,,
42,10/07/2015,13:40,eey9,3,,0,,,,,,
42,10/07/2015,13:40,eey9,4,,0,,,,,,
42,10/07/2015,13:40,eey9,5,,0,,,,,,
42,10/07/2015,13:40,eey9,6,,1,,73.2,3.0,,,
42,10/07/2015,13:41,eey9,7,,1,,81.0,3.1,,,
42,10/07/2015,13:41,eey9,8,,0,,83.0,3.2,,,
42,10/07/2015,13:42,eey9,9,,0,,58.0,2.4,,,
42,10/07/2015,13:42,eey9,10,,0,,38.0,0.8,,,
43,10/07/2015,13:43,eey9,,152.0,0,16,,,,,
43,10/07/2015,13:44,eey9,1,,0,,,,,,
43,10/07/2015,13:44,eey9,2,,0,,,,,,
43,10/07/2015,13:44,eey9,3,,0,,,,,,
43,10/07/2015,13:44,eey9,4,,0,,,,,,
43,10/07/2015,13:44,eey9,5,,0,,,,,,
43,10/07/2015,13:44,eey9,6,,1,,80.5,2.8,,,
43,10/07/2015,13:45,eey9,7,,0,,76.0,3.2,,,
43,10/07/2015,13:46,eey9,8,,0,,74.0,2.9,,,
43,10/07/2015,13:46,eey9,9,,0,,42.0,1.6,,,
51,10/07/2015,13:47,eey9,,142.0,0,26,,,,,
51,10/07/2015,13:50,eey9,1,,0,,,,,,
51,10/07/2015,13:51,eey9,2,,0,,,,,,
51,10/07/2015,13:51,eey9,3,,0,,,,,,
51,10/07/2015,13:51,eey9,4,,0,,,,,,
51,10/07/2015,13:51,eey9,5,,0,,,,,,
51,10/07/2015,13:51,eey9,6,,0,,,,,,
51,10/07/2015,13:51,eey9,7,,1,,79.5,2.8,,,
51,10/07/2015,13:51,eey9,8,,0,,51.5,3.3,,,
51,10/07/2015,13:52,eey9,9,,0,,67.0,2.8,,,
51,10/07/2015,13:52,eey9,10,,0,,49.0,2.6,,,
51,10/07/2015,13:53,eey9,11,,0,,11.5,0.3,,,
52,10/07/2015,13:53,eey9,,146.0,0,32,,,,,
52,10/07/2015,13:54,eey9,1,,0,,,,,,
52,10/07/2015,13:54,eey9,2,,0,,,,,,
52,10/07/2015,13:54,eey9,3,,0,,,,,,
52,10/07/2015,13:54,eey9,4,,0,,,,,,
52,10/07/2015,13:54,eey9,5,,1,,69.5,2.8,,,
52,10/07/2015,13:55,eey9,6,,0,,80.0,3.0,,,
52,10/07/2015,13:55,eey9,7,,0,,78.0,3.0,,,
52,10/07/2015,13:56,eey9,8,,0,,48.6,2.9,,,
52,10/07/2015,13:56,eey9,9,,0,,25.5,0.6,,,
53,10/07/2015,13:57,eey9,,136.0,0,40,,,,,
53,10/07/2015,13:58,eey9,1,,0,,,,,,
53,10/07/2015,13:58,eey9,2,,0,,,,,,
53,10/07/2015,13:58,eey9,3,,0,,,,,,
53,10/07/2015,13:58,eey9,4,,0,,,,,,
53,10/07/2015,13:58,eey9,5,,0,,,,,,
53,10/07/2015,13:58,eey9,6,,1,,70.0,2.3,,,
53,10/07/2015,13:58,eey9,7,,0,,76.0,2.4,,,
53,10/07/2015,14:00,eey9,8,,0,,53.0,2.2,,,
53,10/07/2015,14:00,eey9,9,,0,,21.0,1.2,,,
61,10/07/2015,14:01,eey9,,116.0,0,32,,,,,
61,10/07/2015,14:03,eey9,1,,0,,,,,,
61,10/07/2015,14:03,eey9,2,,0,,,,,,
61,10/07/2015,14:03,eey9,3,,0,,,,,,
61,10/07/2015,14:03,eey9,4,,0,,,,,,
61,10/07/2015,14:03,eey9,5,,0,,,,,,
61,10/07/2015,14:03,eey9,6,,1,,88.0,2.2,,,
61,10/07/2015,14:04,eey9,7,,0,,70.0,2.0,,,
61,10/07/2015,14:04,eey9,8,,0,,50.2,1.6,,,
61,10/07/2015,14:05,eey9,9,,0,,23.5,0.5,,,
62,10/07/2015,14:05,eey9,,106.0,0,23,,,,,
62,10/07/2015,14:06,eey9,1,,0,,,,,,
62,10/07/2015,14:07,eey9,2,,0,,,,,,
62,10/07/2015,14:07,eey9,3,,0,,,,,,
62,10/07/2015,14:07,eey9,4,,0,,,,,,
62,10/07/2015,14:07,eey9,5,,0,,,,,,
62,10/07/2015,14:07,eey9,6,,1,,81.8,2.3,,,
62,10/07/2015,14:07,eey9,7,,0,,76.8,2.8,,,
62,10/07/2015,14:08,eey9,8,,0,,58.4,1.7,,,
62,10/07/2015,14:08,eey9,9,,0,,34.7,1.2,,,
62,10/07/2015,14:09,eey9,10,,0,,12.0,0.1,,,
63,10/07/2015,14:09,eey9,,120.0,0,21,,,,,
63,10/07/2015,14:10,eey9,1,,0,,,,,,
63,10/07/2015,14:12,eey9,2,,0,,,,,,
63,10/07/2015,14:12,eey9,3,,0,,,,,,
63,10/07/2015,14:12,eey9,4,,0,,,,,,
63,10/07/2015,14:12,eey9,5,,1,,83.6,2.0,,,
63,10/07/2015,14:13,eey9,6,,0,,71.3,2.0,,,
63,10/07/2015,14:14,eey9,7,,0,,51.5,1.6,,,
63,10/07/2015,14:14,eey9,8,,0,,27.7,0.5,,,
121,10/07/2015,14:15,eey9,,169.0,0,15,,,,,
121,10/07/2015,14:17,eey9,1,,0,,,,,,
121,10/07/2015,14:17,eey9,2,,0,,,,,,
121,10/07/2015,14:17,eey9,3,,0,,,,,,
121,10/07/2015,14:17,eey9,4,,0,,,,,,
121,10/07/2015,14:17,eey9,5,,1,,81.5,3.1,,,
121,10/07/2015,14:17,eey9,6,,0,,84.0,2.7,,,
121,10/07/2015,14:18,eey9,7,,0,,28.6,1.7,,,
121,10/07/2015,14:19,eey9,8,,0,,46.0,2.2,,,
122,10/07/2015,14:19,eey9,,140.0,0,27,,,,,
123,10/07/2015,14:19,eey9,,172.0,0,23,,,,,
123,10/07/2015,14:21,eey9,1,,0,,,,,,
123,10/07/2015,14:22,eey9,2,,0,,,,,,
123,10/07/2015,14:23,eey9,3,,0,,,,,,
123,10/07/2015,14:23,eey9,4,,0,,,,,,
123,10/07/2015,14:23,eey9,5,,1,,83.0,3.2,,,
123,10/07/2015,14:23,eey9,6,,1,,94.5,2.9,,,
123,10/07/2015,14:23,eey9,7,,0,,90.0,3.2,,,
123,10/07/2015,14:24,eey9,8,,0,,71.0,2.7,,,
123,10/07/2015,14:25,eey9,9,,0,,19.6,0.5,,,
122,10/07/2015,14:27,eey9,1,,0,,,,,,
122,10/07/2015,14:28,eey9,2,,0,,,,,,
122,10/07/2015,14:28,eey9,3,,0,,,,,,
122,10/07/2015,14:28,eey9,4,,0,,,,,,
122,10/07/2015,14:28,eey9,5,,0,,,,,,
122,10/07/2015,14:28,eey9,6,,1,,72.2,2.8,,,
122,10/07/2015,14:28,eey9,7,,0,,79.0,2.9,,,
122,10/07/2015,14:29,eey9,8,,0,,72.5,2.8,,,
122,10/07/2015,14:29,eey9,9,,0,,48.0,2.3,,,
122,10/07/2015,14:30,eey9,10,,0,,20.5,1.2,,,
111,10/07/2015,14:30,eey9,,120.0,0,31,,,,,
111,10/07/2015,14:32,eey9,1,,0,,,,,,
111,10/07/2015,14:34,eey9,2,,0,,,,,,
111,10/07/2015,14:34,eey9,3,,0,,,,,,
111,10/07/2015,14:34,eey9,4,,0,,,,,,
111,10/07/2015,14:34,eey9,5,,1,,85.0,2.1,,,
111,10/07/2015,14:35,eey9,6,,0,,69.8,2.0,,,
111,10/07/2015,14:35,eey9,7,,0,,52.5,1.3,,,
111,10/07/2015,14:35,eey9,8,,0,,28.6,0.5,,,
112,10/07/2015,14:36,eey9,,115.0,0,31,,,,,
113,10/07/2015,14:36,eey9,,114.0,0,37,,,,,
113,10/07/2015,14:37,eey9,1,,0,,,,,,
113,10/07/2015,14:39,eey9,2,,0,,,,,,
113,10/07/2015,14:39,eey9,3,,0,,,,,,
113,10/07/2015,14:39,eey9,4,,0,,,,,,
113,10/07/2015,14:39,eey9,5,,1,,84.5,1.7,,,
113,10/07/2015,14:39,eey9,6,,0,,62.6,1.6,,,
113,10/07/2015,14:39,eey9,7,,0,,34.3,0.8,,,
112,10/07/2015,14:41,eey9,1,,0,,,,,,
112,10/07/2015,14:41,eey9,2,,0,,,,,,
112,10/07/2015,14:41,eey9,3,,0,,,,,,
112,10/07/2015,14:44,eey9,4,,0,,,,,,
112,10/07/2015,14:44,eey9,5,,1,,75.6,2.0,,,
112,10/07/2015,14:44,eey9,6,,0,,80.5,2.0,,,
112,10/07/2015,14:44,eey9,7,,0,,64.9,1.8,,,
112,10/07/2015,14:45,eey9,8,,0,,46.3,1.2,,,
112,10/07/2015,14:45,eey9,9,,0,,19.0,0.3,,,
101,10/07/2015,14:45,eey9,,146.0,0,16,,,,,
101,10/07/2015,14:47,eey9,1,,0,,,,,,
101,10/07/2015,14:47,eey9,2,,0,,,,,,
101,10/07/2015,14:47,eey9,3,,0,,,,,,
101,10/07/2015,14:47,eey9,4,,0,,,,,,
101,10/07/2015,14:47,eey9,5,,1,,70.5,2.6,,,
101,10/07/2015,14:48,eey9,6,,0,,74.0,2.3,,,
101,10/07/2015,14:48,eey9,7,,0,,58.5,2.7,,,
101,10/07/2015,14:49,eey9,8,,0,,30.0,0.7,,,
102,10/07/2015,14:49,eey9,,136.0,0,16,,,,,
102,10/07/2015,14:50,eey9,1,,0,,,,,,
102,10/07/2015,14:53,eey9,2,,0,,,,,,
102,10/07/2015,14:53,eey9,3,,0,,,,,,
102,10/07/2015,14:53,eey9,4,,0,,,,,,
102,10/07/2015,14:53,eey9,5,,0,,,,,,
102,10/07/2015,14:53,eey9,6,,1,,63.0,3.2,,,
102,10/07/2015,14:53,eey9,7,,0,,70.0,3.2,,,
102,10/07/2015,14:53,eey9,8,,0,,59.5,2.8,,,
102,10/07/2015,14:54,eey9,9,,0,,41.6,2.0,,,
103,10/07/2015,14:54,eey9,,147.0,0,33,,,,,
103,10/07/2015,14:56,eey9,1,,0,,,,,,
103,10/07/2015,14:56,eey9,2,,0,,,,,,
103,10/07/2015,14:56,eey9,3,,0,,,,,,
103,10/07/2015,14:57,eey9,4,,0,,,,,,
103,10/07/2015,14:57,eey9,5,,0,,,,,,
103,10/07/2015,14:57,eey9,6,,1,,77.5,3.4,,,
103,10/07/2015,14:57,eey9,7,,1,,87.0,3.5,,,
103,10/07/2015,14:58,eey9,8,,0,,80.5,3.3,,,
103,10/07/2015,14:58,eey9,9,,0,,42.5,2.7,,,
103,10/07/2015,14:58,eey9,10,,0,,17.0,0.5,,,
91,10/07/2015,14:59,eey9,,115.0,0,47,,,,,
91,10/07/2015,15:02,eey9,1,,0,,,,,,
91,10/07/2015,15:02,eey9,2,,0,,,,,,
91,10/07/2015,15:02,eey9,3,,0,,,,,,
91,10/07/2015,15:02,eey9,4,,0,,,,,,
91,10/07/2015,15:02,eey9,5,,1,,85.0,2.3,,,
91,10/07/2015,15:03,eey9,6,,1,,86.0,2.3,,,
91,10/07/2015,15:04,eey9,7,,0,,78.2,2.2,,,
91,10/07/2015,15:04,eey9,8,,0,,57.3,1.6,,,
91,10/07/2015,15:04,eey9,9,,0,,35.5,1.0,,,
91,10/07/2015,15:05,eey9,10,,0,,13.6,0.1,,,
92,10/07/2015,15:05,eey9,,112.0,0,31,,,,,
92,10/07/2015,15:07,eey9,1,,0,,,,,,
92,10/07/2015,15:07,eey9,2,,0,,,,,,
92,10/07/2015,15:07,eey9,3,,0,,,,,,
92,10/07/2015,15:07,eey9,4,,1,,82.0,2.0,,,
92,10/07/2015,15:07,eey9,5,,0,,75.2,2.0,,,
92,10/07/2015,15:09,eey9,6,,0,,57.3,1.6,,,
92,10/07/2015,15:09,eey9,7,,0,,35.7,1.0,,,
92,10/07/2015,15:09,eey9,8,,0,,14.5,0.1,,,
93,10/07/2015,15:10,eey9,,115.0,0,18,,,,,
93,10/07/2015,15:11,eey9,1,,0,,,,,,
93,10/07/2015,15:12,eey9,2,,0,,,,,,
93,10/07/2015,15:12,eey9,3,,0,,,,,,
93,10/07/2015,15:12,eey9,4,,1,,82.3,2.1,,,
93,10/07/2015,15:12,eey9,5,,0,,79.0,2.3,,,
93,10/07/2015,15:12,eey9,6,,0,,66.9,2.2,,,
81,10/07/2015,15:13,eey9,,142.0,0,37,,,,,
81,10/07/2015,15:15,eey9,1,,0,,,,,,
81,10/07/2015,15:16,eey9,2,,0,,,,,,
81,10/07/2015,15:16,eey9,3,,0,,,,,,
81,10/07/2015,15:16,eey9,4,,0,,,,,,
81,10/07/2015,15:16,eey9,5,,0,,,,,,
81,10/07/2015,15:16,eey9,6,,1,,74.0,2.2,,,
81,10/07/2015,15:16,eey9,7,,0,,62.5,2.3,,,
81,10/07/2015,15:16,eey9,8,,0,,45.6,1.8,,,
81,10/07/2015,15:17,eey9,9,,0,,25.9,0.7,,,
82,10/07/2015,15:17,eey9,,154.0,0,39,,,,,
82,10/07/2015,15:18,eey9,1,,0,,,,,,
82,10/07/2015,15:18,eey9,2,,0,,,,,,
82,10/07/2015,15:18,eey9,3,,0,,,,,,
82,10/07/2015,15:19,eey9,4,,0,,,,,,
82,10/07/2015,15:19,eey9,5,,1,,66.8,2.3,,,
82,10/07/2015,15:19,eey9,6,,1,,78.5,2.4,,,
82,10/07/2015,15:20,eey9,7,,0,,57.5,2.5,,,
82,10/07/2015,15:21,eey9,8,,0,,69.0,2.2,,,
82,10/07/2015,15:21,eey9,9,,0,,37.1,1.2,,,
83,10/07/2015,15:22,eey9,,142.0,0,37,,,,,
83,10/07/2015,15:23,eey9,1,,0,,,,,,
83,10/07/2015,15:23,eey9,2,,0,,,,,,
83,10/07/2015,15:23,eey9,3,,0,,,,,,
83,10/07/2015,15:23,eey9,4,,0,,,,,,
83,10/07/2015,15:23,eey9,5,,1,,68.0,2.7,,,
83,10/07/2015,15:24,eey9,6,,1,,75.5,2.6,,,
83,10/07/2015,15:24,eey9,7,,0,,56.1,2.6,,,
83,10/07/2015,15:25,eey9,8,,0,,36.6,1.6,,,
71,10/07/2015,15:25,eey9,,114.0,0,34,,,,,2
71,10/07/2015,15:26,eey9,1,,0,,,,,,
71,10/07/2015,15:26,eey9,2,,0,,,,,,
71,10/07/2015,15:27,eey9,3,,0,,,,,,
71,10/07/2015,15:27,eey9,4,,0,,,,,,
71,10/07/2015,15:27,eey9,5,,1,,56.0,1.8,,,
71,10/07/2015,15:27,eey9,6,,1,,77.0,2.0,,,
71,10/07/2015,15:28,eey9,7,,0,,62.0,2.0,,,
71,10/07/2015,15:28,eey9,8,,0,,45.0,1.4,,,
71,10/07/2015,15:29,eey9,9,,0,,17.0,0.3,,,
72,10/07/2015,15:29,eey9,,113.0,0,33,,,,,
72,10/07/2015,15:31,eey9,1,,0,,,,,,
72,10/07/2015,15:31,eey9,2,,0,,,,,,
72,10/07/2015,15:31,eey9,3,,0,,,,,,
72,10/07/2015,15:31,eey9,4,,1,,76.5,1.6,,,
72,10/07/2015,15:31,eey9,5,,0,,76.1,2.1,,,
72,10/07/2015,15:32,eey9,6,,0,,56.3,1.7,,,
72,10/07/2015,15:33,eey9,7,,0,,34.5,1.2,,,
72,10/07/2015,15:33,eey9,8,,0,,11.0,0.1,,,
73,10/07/2015,15:34,eey9,,111.0,0,22,,,,,
73,10/07/2015,15:35,eey9,1,,0,,,,,,
73,10/07/2015,15:35,eey9,2,,0,,,,,,
73,10/07/2015,15:35,eey9,3,,0,,,,,,
73,10/07/2015,15:35,eey9,4,,1,,83.5,1.8,,,
73,10/07/2015,15:36,eey9,5,,0,,73.8,1.7,,,
73,10/07/2015,15:37,eey9,6,,0,,58.0,1.6,,,
73,10/07/2015,15:37,eey9,7,,0,,26.5,0.3,,,
131,10/07/2015,15:38,eey9,,140.0,0,17,,,,,
131,10/07/2015,15:40,eey9,1,,0,,,,,,
131,10/07/2015,15:40,eey9,2,,0,,,,,,
131,10/07/2015,15:40,eey9,3,,0,,,,,,
131,10/07/2015,15:40,eey9,4,,0,,,,,,
131,10/07/2015,15:41,eey9,5,,0,,,,,,
131,10/07/2015,15:41,eey9,6,,1,,77.8,3.3,,,
131,10/07/2015,15:41,eey9,7,,0,,81.0,3.2,,,
131,10/07/2015,15:42,eey9,8,,0,,60.6,3.0,,,
131,10/07/2015,15:42,eey9,9,,0,,33.0,1.0,,,
132,10/07/2015,15:42,eey9,,124.0,0,12,,,,,
133,10/07/2015,15:42,eey9,,147.0,0,29,,,,,
133,10/07/2015,15:44,eey9,1,,0,,,,,,
133,10/07/2015,15:44,eey9,2,,0,,,,,,
133,10/07/2015,15:44,eey9,3,,0,,,,,,
133,10/07/2015,15:44,eey9,4,,1,,62.0,2.0,,,
133,10/07/2015,15:44,eey9,5,,0,,61.5,2.2,,,
133,10/07/2015,15:45,eey9,6,,0,,37.0,1.8,,,
133,10/07/2015,15:46,eey9,7,,0,,10.0,0.1,,,
132,10/07/2015,15:47,eey9,1,,0,,,,,,
132,10/07/2015,15:47,eey9,2,,0,,,,,,
132,10/07/2015,15:47,eey9,3,,0,,,,,,
132,10/07/2015,15:47,eey9,4,,0,,,,,,
132,10/07/2015,15:48,eey9,5,,0,,,,,,
132,10/07/2015,15:48,eey9,6,,1,,62.0,2.3,,,
132,10/07/2015,15:48,eey9,7,,0,,54.2,2.2,,,
132,10/07/2015,15:48,eey9,8,,0,,31.6,1.3,,,
141,10/07/2015,15:49,eey9,,118.0,0,35,,,,,
141,10/07/2015,16:01,eey9,1,,0,,,,,,
141,10/07/2015,16:01,eey9,2,,0,,,,,,
141,10/07/2015,16:01,eey9,3,,0,,,,,,
141,10/07/2015,16:01,eey9,4,,0,,,,,,
141,10/07/2015,16:01,eey9,5,,1,,68.0,2.3,,,
141,10/07/2015,16:02,eey9,6,,1,,82.0,2.2,,,
141,10/07/2015,16:02,eey9,7,,0,,77.0,2.2,,,
141,10/07/2015,16:03,eey9,8,,0,,54.5,1.8,,,
141,10/07/2015,16:03,eey9,9,,0,,30.5,0.8,,,
142,10/07/2015,16:03,eey9,,118.0,0,33,,,,,2
142,10/07/2015,16:05,eey9,1,,0,,,,,,
142,10/07/2015,16:05,eey9,2,,0,,,,,,
142,10/07/2015,16:05,eey9,3,,0,,,,,,
142,10/07/2015,16:05,eey9,4,,0,,,,,,
142,10/07/2015,16:06,eey9,5,,1,,86.8,2.0,,,
142,10/07/2015,16:06,eey9,6,,0,,78.0,2.0,,,
142,10/07/2015,16:06,eey9,7,,0,,58.8,1.6,,,
142,10/07/2015,16:07,eey9,8,,0,,36.4,0.6,,,
142,10/07/2015,16:07,eey9,9,,0,,7.3,0.1,,,
143,10/07/2015,16:07,eey9,,107.0,0,42,,,,,
143,10/07/2015,16:09,eey9,1,,0,,,,,,
143,10/07/2015,16:09,eey9,2,,0,,,,,,
143,10/07/2015,16:09,eey9,3,,0,,,,,,
143,10/07/2015,16:10,eey9,4,,0,,,,,,
143,10/07/2015,16:10,eey9,5,,1,,66.0,1.8,,,
143,10/07/2015,16:10,eey9,6,,0,,75.5,2.0,,,
143,10/07/2015,16:10,eey9,7,,0,,60.6,1.8,,,
143,10/07/2015,16:11,eey9,8,,0,,41.1,1.0,,,
143,10/07/2015,16:11,eey9,9,,0,,18.5,0.2,,,
151,10/07/2015,16:11,eey9,,163.0,0,28,,,,,
151,10/07/2015,16:13,eey9,1,,0,,,,,,
151,10/07/2015,16:13,eey9,2,,0,,,,,,
151,10/07/2015,16:13,eey9,3,,0,,,,,,
151,10/07/2015,16:13,eey9,4,,1,,74.5,2.6,,,
151,10/07/2015,16:15,eey9,5,,1,,82.0,2.3,,,
151,10/07/2015,16:15,eey9,6,,0,,39.0,2.6,,,
151,10/07/2015,16:16,eey9,7,,0,,48.0,2.2,,,
151,10/07/2015,16:16,eey9,8,,0,,26.0,1.0,,,
152,10/07/2015,16:17,eey9,,138.0,0,31,,,,,
152,10/07/2015,16:18,eey9,1,,0,,,,,,
152,10/07/2015,16:18,eey9,2,,0,,,,,,
152,10/07/2015,16:18,eey9,3,,0,,,,,,
152,10/07/2015,16:18,eey9,4,,0,,,,,,
152,10/07/2015,16:19,eey9,5,,1,,81.0,2.5,,,
152,10/07/2015,16:19,eey9,6,,1,,83.5,2.8,,,
152,10/07/2015,16:19,eey9,7,,0,,66.5,2.0,,,
152,10/07/2015,16:20,eey9,8,,0,,36.0,2.5,,,
152,10/07/2015,16:20,eey9,9,,0,,14.5,0.1,,,
153,10/07/2015,16:21,eey9,,141.0,0,32,,,,,
153,10/07/2015,16:22,eey9,1,,0,,,,,,
153,10/07/2015,16:22,eey9,2,,0,,,,,,
153,10/07/2015,16:22,eey9,3,,0,,,,,,
153,10/07/2015,16:23,eey9,4,,0,,,,,,
153,10/07/2015,16:23,eey9,5,,0,,,,,,
153,10/07/2015,16:23,eey9,6,,1,,79.0,2.6,,,
153,10/07/2015,16:23,eey9,7,,0,,86.0,2.6,,,
153,10/07/2015,16:25,eey9,8,,0,,64.0,2.2,,,
153,10/07/2015,16:26,eey9,9,,0,,35.9,1.3,,,
161,10/07/2015,16:26,eey9,,135.0,0,42,,,,,
161,10/07/2015,16:28,eey9,1,,0,,,,,,
161,10/07/2015,16:28,eey9,2,,0,,,,,,
161,10/07/2015,16:28,eey9,3,,0,,,,,,
161,10/07/2015,16:28,eey9,4,,0,,,,,,
161,10/07/2015,16:29,eey9,5,,1,,71.0,1.8,,,
161,10/07/2015,16:29,eey9,6,,0,,67.4,1.7,,,
161,10/07/2015,16:29,eey9,7,,0,,43.4,1.3,,,
161,10/07/2015,16:30,eey9,8,,0,,17.0,0.3,,,
162,10/07/2015,16:30,eey9,,131.0,0,42,,,,,
162,10/07/2015,16:31,eey9,1,,0,,,,,,
162,10/07/2015,16:31,eey9,2,,0,,,,,,
162,10/07/2015,16:31,eey9,3,,0,,,,,,
162,10/07/2015,16:32,eey9,4,,0,,,,,,
162,10/07/2015,16:32,eey9,5,,1,,77.3,2.1,,,
162,10/07/2015,16:32,eey9,6,,0,,84.5,2.2,,,
162,10/07/2015,16:33,eey9,7,,0,,65.6,1.8,,,
162,10/07/2015,16:33,eey9,8,,0,,42.5,1.5,,,
162,10/07/2015,16:33,eey9,9,,0,,19.7,0.2,,,
163,10/07/2015,16:34,eey9,,139.0,0,58,,,,,
163,10/07/2015,16:35,eey9,1,,0,,,,,,
163,10/07/2015,16:35,eey9,2,,0,,,,,,
163,10/07/2015,16:35,eey9,3,,0,,,,,,
163,10/07/2015,16:35,eey9,4,,0,,,,,,
163,10/07/2015,16:35,eey9,5,,1,,91.0,2.2,,,
163,10/07/2015,16:36,eey9,6,,0,,82.5,2.4,,,
163,10/07/2015,16:36,eey9,7,,0,,81.0,2.1,,,
163,10/07/2015,16:37,eey9,8,,0,,52.1,1.3,,,
163,10/07/2015,16:37,eey9,9,,0,,17.2,0.1,,,
171,10/07/2015,16:37,eey9,,160.0,0,20,,,,,
171,10/07/2015,16:39,eey9,1,,0,,,,,,
171,10/07/2015,16:39,eey9,2,,0,,,,,,
171,10/07/2015,16:39,eey9,3,,0,,,,,,
171,10/07/2015,16:39,eey9,4,,0,,,,,,
171,10/07/2015,16:40,eey9,5,,0,,,,,,
171,10/07/2015,16:40,eey9,6,,1,,78.5,2.6,,,
171,10/07/2015,16:40,eey9,7,,0,,87.5,3.0,,,
171,10/07/2015,16:40,eey9,8,,0,,75.0,2.7,,,
171,10/07/2015,16:41,eey9,9,,0,,53.0,1.9,,,
171,10/07/2015,16:41,eey9,10,,0,,27.5,0.3,,,
172,10/07/2015,16:43,eey9,,154.0,0,27,,,,,
172,10/07/2015,16:45,eey9,1,,0,,,,,,
172,10/07/2015,16:45,eey9,2,,0,,,,,,
172,10/07/2015,16:45,eey9,3,,0,,,,,,
172,10/07/2015,16:45,eey9,4,,0,,,,,,
172,10/07/2015,16:45,eey9,5,,1,,68.5,2.6,,,
172,10/07/2015,16:45,eey9,6,,0,,80.0,2.6,,,
172,10/07/2015,16:46,eey9,7,,0,,83.0,2.6,,,
172,10/07/2015,16:47,eey9,8,,0,,65.5,2.4,,,
172,10/07/2015,16:48,eey9,9,,0,,38.0,1.1,,,
173,10/07/2015,16:48,eey9,,156.0,0,17,,,,,
173,10/07/2015,16:48,eey9,1,,0,,,,,,
173,10/07/2015,16:48,eey9,2,,0,,,,,,
173,10/07/2015,16:49,eey9,3,,0,,,,,,
173,10/07/2015,16:49,eey9,4,,0,,,,,,
173,10/07/2015,16:49,eey9,5,,1,,78.5,2.7,,,
173,10/07/2015,16:49,eey9,6,,0,,94.0,2.7,,,
173,10/07/2015,16:51,eey9,7,,0,,92.0,2.5,,,
173,10/07/2015,16:51,eey9,8,,0,,56.0,2.2,,,
173,10/07/2015,16:52,eey9,9,,0,,25.0,0.7,,,
181,10/07/2015,16:52,eey9,,105.0,0,34,,,,,
181,10/07/2015,16:53,eey9,1,,0,,,,,,
181,10/07/2015,16:53,eey9,2,,0,,,,,,
181,10/07/2015,16:53,eey9,3,,0,,,,,,
181,10/07/2015,16:53,eey9,4,,0,,,,,,
181,10/07/2015,16:53,eey9,5,,1,,74.6,2.2,,,
181,10/07/2015,16:54,eey9,6,,0,,81.3,2.2,,,
181,10/07/2015,16:55,eey9,7,,0,,62.2,2.1,,,
181,10/07/2015,16:55,eey9,8,,0,,45.6,1.5,,,
181,10/07/2015,16:55,eey9,9,,0,,18.5,0.3,,,
182,10/07/2015,16:56,eey9,,136.0,0,57,,,,,
182,10/07/2015,16:57,eey9,1,,0,,,,,,
182,10/07/2015,16:57,eey9,2,,0,,,,,,
182,10/07/2015,16:57,eey9,3,,0,,,,,,
182,10/07/2015,16:57,eey9,4,,1,,82.2,2.1,,,
182,10/07/2015,16:58,eey9,5,,0,,87.5,2.3,,,
182,10/07/2015,16:58,eey9,6,,0,,68.5,1.8,,,
182,10/07/2015,16:59,eey9,7,,0,,48.0,1.2,,,
182,10/07/2015,16:59,eey9,8,,0,,10.5,0.1,,,
183,10/07/2015,17:00,eey9,,124.0,0,42,,,,,2
183,10/07/2015,17:00,eey9,1,,0,,,,,,
183,10/07/2015,17:00,eey9,2,,0,,,,,,
183,10/07/2015,17:00,eey9,3,,0,,,,,,
183,10/07/2015,17:01,eey9,4,,0,,,,,,
183,10/07/2015,17:01,eey9,5,,1,,77.0,2.5,,,
183,10/07/2015,17:01,eey9,6,,1,,90.1,2.6,,,
183,10/07/2015,17:02,eey9,7,,0,,83.0,2.4,,,
183,10/07/2015,17:02,eey9,8,,0,,63.0,2.2,,,
183,10/07/2015,17:02,eey9,9,,0,,39.0,1.0,,,
183,10/07/2015,17:02,eey9,10,,0,,11.6,0.3,,,
