EuroPheno.stock_id,pheno_date,pseudo_rep_no,measurement_no,leaf_length_cm,leaf_width_cm,canopy_height,stem_count,base_diameter_1,base_diameter_2,stem_diam_half_height,field_flowering_score,time_taken,who
35,28/06/2016,1,0,,,94,34,32,26,8,0,11:13,eey9
35,28/06/2016,1,1,26,1.6,,,,,,,11:15,eey9
35,28/06/2016,1,2,36,2,,,,,,,11:16,eey9
35,28/06/2016,1,3,47,2,,,,,,,11:16,eey9
35,28/06/2016,1,4,52,2,,,,,,,11:16,eey9
35,28/06/2016,1,5,58,2,,,,,,,11:16,eey9
35,28/06/2016,1,6,59,2.2,,,,,,,11:17,eey9
35,28/06/2016,1,7,45,1.8,,,,,,,11:17,eey9
35,28/06/2016,1,8,25,0.9,,,,,,,11:17,eey9
35,28/06/2016,2,0,,,68,18,28,19,5,0,11:18,eey9
35,28/06/2016,2,1,20,1.2,,,,,,,11:20,eey9
35,28/06/2016,2,2,29,1.9,,,,,,,11:21,eey9
35,28/06/2016,2,3,38,1.8,,,,,,,11:21,eey9
35,28/06/2016,2,4,44,1.8,,,,,,,11:22,eey9
35,28/06/2016,2,5,50,1.9,,,,,,,11:22,eey9
35,28/06/2016,2,6,55,2.2,,,,,,,11:22,eey9
35,28/06/2016,2,7,44,1.9,,,,,,,11:23,eey9
35,28/06/2016,2,8,30,1.3,,,,,,,11:23,eey9
35,28/06/2016,2,9,14.5,0.1,,,,,,,11:23,eey9
35,28/06/2016,3,0,,,113,75,31,27,7,0,11:23,eey9
35,28/06/2016,3,1,19,1.4,,,,,,,11:25,eey9
35,28/06/2016,3,2,33,1.6,,,,,,,11:26,eey9
35,28/06/2016,3,3,53,1.7,,,,,,,11:26,eey9
35,28/06/2016,3,4,60,1.7,,,,,,,11:27,eey9
35,28/06/2016,3,5,63,1.7,,,,,,,11:27,eey9
35,28/06/2016,3,6,60,1.7,,,,,,,11:27,eey9
35,28/06/2016,3,7,47,1.7,,,,,,,11:27,eey9
35,28/06/2016,3,8,30,1,,,,,,,11:28,eey9
39,28/06/2016,1,0,,,67,21,34,32,4,0,13:13,eey9
39,28/06/2016,1,1,9.6,0.8,,,,,,,13:15,eey9
39,28/06/2016,1,2,16.5,1.5,,,,,,,13:16,eey9
39,28/06/2016,1,3,41,1.7,,,,,,,13:16,eey9
39,28/06/2016,1,4,64,1.7,,,,,,,13:16,eey9
39,28/06/2016,1,5,63,1.6,,,,,,,13:17,eey9
39,28/06/2016,1,6,43,1.2,,,,,,,13:17,eey9
39,28/06/2016,1,7,14,0.2,,,,,,,13:17,eey9
39,28/06/2016,2,0,,,80,31,39,30,5,0,13:18,eey9
39,28/06/2016,2,1,9,0.8,,,,,,,13:19,eey9
39,28/06/2016,2,2,29.5,1.2,,,,,,,13:20,eey9
39,28/06/2016,2,3,52,1.2,,,,,,,13:20,eey9
39,28/06/2016,2,4,71,1.2,,,,,,,13:21,eey9
39,28/06/2016,2,5,39,1,,,,,,,13:21,eey9
39,28/06/2016,2,6,23,0.4,,,,,,,13:21,eey9
39,28/06/2016,3,0,,,100,13,28,33,9,0,13:22,eey9
39,28/06/2016,3,1,6.5,0.8,,,,,,,13:24,eey9
39,28/06/2016,3,2,37,1.8,,,,,,,13:25,eey9
39,28/06/2016,3,3,50,2.3,,,,,,,13:25,eey9
39,28/06/2016,3,4,60,2.2,,,,,,,13:25,eey9
39,28/06/2016,3,5,77,2.4,,,,,,,13:26,eey9
39,28/06/2016,3,6,73,2.3,,,,,,,13:26,eey9
39,28/06/2016,3,7,59,2,,,,,,,13:26,eey9
40,28/06/2016,1,0,,,172,18,52,42,10,0,12:54,eey9
40,28/06/2016,1,1,10,1,,,,,,,12:59,eey9
40,28/06/2016,1,2,25,2.5,,,,,,,13:00,eey9
40,28/06/2016,1,3,45,2.6,,,,,,,13:00,eey9
40,28/06/2016,1,4,63,2.8,,,,,,,13:00,eey9
40,28/06/2016,1,5,75,2.6,,,,,,,13:00,eey9
40,28/06/2016,1,6,75,2.8,,,,,,,13:01,eey9
40,28/06/2016,1,7,48,2.4,,,,,,,13:01,eey9
40,28/06/2016,1,8,16,0.5,,,,,,,13:02,eey9
40,28/06/2016,2,0,,,188,8,44,22,11,0,13:02,eey9
40,28/06/2016,2,1,39,3.9,,,,,,,13:04,eey9
40,28/06/2016,2,2,56,4.2,,,,,,,13:04,eey9
40,28/06/2016,2,3,70,3.7,,,,,,,13:05,eey9
40,28/06/2016,2,4,77.5,3.6,,,,,,,13:05,eey9
40,28/06/2016,2,5,83,3.3,,,,,,,13:06,eey9
40,28/06/2016,2,6,88,3,,,,,,,13:06,eey9
40,28/06/2016,2,7,63,3.2,,,,,,,13:07,eey9
40,28/06/2016,2,8,22.5,1.1,,,,,,,13:02,eey9
40,28/06/2016,3,0,,,185,22,46,80,9,0,13:08,eey9
40,28/06/2016,3,1,26,2,,,,,,,13:10,eey9
40,28/06/2016,3,2,39,3,,,,,,,13:11,eey9
40,28/06/2016,3,3,62,3,,,,,,,13:11,eey9
40,28/06/2016,3,4,77,2.8,,,,,,,13:11,eey9
40,28/06/2016,3,5,82,3,,,,,,,13:12,eey9
40,28/06/2016,3,6,80,3.2,,,,,,,13:12,eey9
40,28/06/2016,3,7,40,2.8,,,,,,,13:13,eey9
40,28/06/2016,3,8,13,0.3,,,,,,,13:13,eey9
42,28/06/2016,1,0,,,150,26,78,72,12,0,13:27,eey9
42,28/06/2016,1,1,14,2,,,,,,,13:33,eey9
42,28/06/2016,1,2,29,3.1,,,,,,,13:34,eey9
42,28/06/2016,1,3,47,2.8,,,,,,,13:34,eey9
42,28/06/2016,1,4,66,3.4,,,,,,,13:35,eey9
42,28/06/2016,1,5,78,3.3,,,,,,,13:35,eey9
42,28/06/2016,1,6,76,3,,,,,,,13:36,eey9
42,28/06/2016,1,7,72,3,,,,,,,13:36,eey9
42,28/06/2016,1,8,82,3,,,,,,,13:36,eey9
42,28/06/2016,1,9,69,2.7,,,,,,,13:36,eey9
42,28/06/2016,1,10,48,2.3,,,,,,,13:37,eey9
42,28/06/2016,1,11,30,0.3,,,,,,,13:37,eey9
42,28/06/2016,2,0,,,123,25,43,60,10,0,13:38,eey9
42,28/06/2016,2,1,17,1.4,,,,,,,13:39,eey9
42,28/06/2016,2,2,33,2.2,,,,,,,13:40,eey9
42,28/06/2016,2,3,53,2.2,,,,,,,13:40,eey9
42,28/06/2016,2,4,65,3.5,,,,,,,13:41,eey9
42,28/06/2016,2,5,76,2.7,,,,,,,13:41,eey9
42,28/06/2016,2,6,58,2.8,,,,,,,13:41,eey9
42,28/06/2016,2,7,34,1.5,,,,,,,13:42,eey9
42,28/06/2016,3,0,,,123,17,43,42,9,0,13:42,eey9
42,28/06/2016,3,1,31,2.5,,,,,,,13:44,eey9
42,28/06/2016,3,2,51,2.8,,,,,,,13:45,eey9
42,28/06/2016,3,3,72,2.7,,,,,,,13:45,eey9
42,28/06/2016,3,4,80,2.5,,,,,,,13:45,eey9
42,28/06/2016,3,5,74,2.7,,,,,,,13:46,eey9
42,28/06/2016,3,6,56,2.2,,,,,,,13:46,eey9
42,28/06/2016,3,7,24,0.1,,,,,,,13:46,eey9
44,28/06/2016,1,0,,,190,27,75,43,9,0,10:57,eey9
44,28/06/2016,1,1,30,3,,,,,,,10:59,eey9
44,28/06/2016,1,2,44,3.6,,,,,,,11:00,eey9
44,28/06/2016,1,3,58,3.1,,,,,,,11:00,eey9
44,28/06/2016,1,4,63,3.3,,,,,,,11:00,eey9
44,28/06/2016,1,5,71,3,,,,,,,11:00,eey9
44,28/06/2016,1,6,77,3.2,,,,,,,11:01,eey9
44,28/06/2016,1,7,67,3.1,,,,,,,11:01,eey9
44,28/06/2016,1,8,30,1.8,,,,,,,11:02,eey9
44,28/06/2016,2,0,,,195,37,69,65,11,0,11:02,eey9
44,28/06/2016,2,1,22,2.4,,,,,,,11:05,eey9
44,28/06/2016,2,2,43,3.3,,,,,,,11:05,eey9
44,28/06/2016,2,3,63,3.3,,,,,,,11:06,eey9
44,28/06/2016,2,4,77,3.2,,,,,,,11:06,eey9
44,28/06/2016,2,5,83,2.9,,,,,,,11:06,eey9
44,28/06/2016,2,6,80,3,,,,,,,11:07,eey9
44,28/06/2016,2,7,60,3,,,,,,,11:07,eey9
44,28/06/2016,2,8,24.5,1.2,,,,,,,11:07,eey9
44,28/06/2016,3,0,,,195,17,63,53,11,0,11:08,eey9
44,28/06/2016,3,1,24,2.4,,,,,,,11:10,eey9
44,28/06/2016,3,2,43,3.3,,,,,,,11:10,eey9
44,28/06/2016,3,3,56,3.6,,,,,,,11:10,eey9
44,28/06/2016,3,4,69,3.2,,,,,,,11:11,eey9
44,28/06/2016,3,5,77,3.2,,,,,,,11:11,eey9
44,28/06/2016,3,6,85,3.2,,,,,,,11:11,eey9
44,28/06/2016,3,7,67,3,,,,,,,11:12,eey9
44,28/06/2016,3,8,33,2.1,,,,,,,11:12,eey9
46,28/06/2016,1,0,,,92,18,29,30,8,0,13:47,eey9
46,28/06/2016,1,1,3.6,1,,,,,,,08:19,eey9
46,28/06/2016,1,2,55,2.2,,,,,,,08:21,eey9
46,28/06/2016,1,3,72,2,,,,,,,08:22,eey9
46,28/06/2016,1,4,88.5,1.9,,,,,,,08:22,eey9
46,28/06/2016,1,5,81,1.8,,,,,,,08:22,eey9
46,28/06/2016,1,6,61,1.3,,,,,,,08:23,eey9
46,28/06/2016,1,7,36.5,0.7,,,,,,,08:23,eey9
46,28/06/2016,2,0,,,40,8,18,10,3,0,08:23,eey9
46,28/06/2016,2,1,11,0.6,,,,,,,08:25,eey9
46,28/06/2016,2,2,31,0.7,,,,,,,08:25,eey9
46,28/06/2016,2,3,47,0.8,,,,,,,08:26,eey9
46,28/06/2016,2,4,30.5,0.8,,,,,,,08:26,eey9
46,28/06/2016,3,0,,,101,34,39,43,8,0,08:27,eey9
46,28/06/2016,3,1,3.5,0.7,,,,,,,08:29,eey9
46,28/06/2016,3,2,18.5,1.3,,,,,,,08:29,eey9
46,28/06/2016,3,3,32,1.8,,,,,,,08:30,eey9
46,28/06/2016,3,4,40,1.8,,,,,,,08:30,eey9
46,28/06/2016,3,5,56,1.9,,,,,,,08:31,eey9
46,28/06/2016,3,6,74,1.9,,,,,,,08:31,eey9
46,28/06/2016,3,7,82,1.8,,,,,,,08:31,eey9
46,28/06/2016,3,8,66,1.6,,,,,,,08:32,eey9
46,28/06/2016,3,9,48,1.2,,,,,,,08:33,eey9
46,28/06/2016,3,10,17.5,0.1,,,,,,,08:34,eey9
48,28/06/2016,1,0,,,105,37,22,31,6,0,09:19,eey9
48,28/06/2016,1,1,5,0.7,,,,,,,09:24,eey9
48,28/06/2016,1,2,23,1.3,,,,,,,09:25,eey9
48,28/06/2016,1,3,43,1.7,,,,,,,09:25,eey9
48,28/06/2016,1,4,59,1.7,,,,,,,09:26,eey9
48,28/06/2016,1,5,66,1.8,,,,,,,09:26,eey9
48,28/06/2016,1,6,67,2,,,,,,,09:26,eey9
48,28/06/2016,1,7,46,1.7,,,,,,,09:27,eey9
48,28/06/2016,1,8,22.5,0.7,,,,,,,09:27,eey9
48,28/06/2016,2,0,,,95,34,22,20,6,0,09:28,eey9
48,28/06/2016,2,1,10,1.3,,,,,,,09:29,eey9
48,28/06/2016,2,2,28,1.6,,,,,,,09:30,eey9
48,28/06/2016,2,3,44,1.7,,,,,,,09:30,eey9
48,28/06/2016,2,4,51,1.7,,,,,,,09:31,eey9
48,28/06/2016,2,5,55,1.9,,,,,,,09:31,eey9
48,28/06/2016,2,6,60,2,,,,,,,09:31,eey9
48,28/06/2016,2,7,50,1.7,,,,,,,09:32,eey9
48,28/06/2016,2,8,39,1.6,,,,,,,09:32,eey9
48,28/06/2016,2,9,19,0.5,,,,,,,09:32,eey9
48,28/06/2016,3,0,,,103,37,24,27,6,0,09:33,eey9
48,28/06/2016,3,1,12,1.4,,,,,,,09:34,eey9
48,28/06/2016,3,2,21.5,1.5,,,,,,,09:35,eey9
48,28/06/2016,3,3,33,1.8,,,,,,,09:35,eey9
48,28/06/2016,3,4,44,1.9,,,,,,,09:36,eey9
48,28/06/2016,3,5,52,1.9,,,,,,,09:36,eey9
48,28/06/2016,3,6,55,1.9,,,,,,,09:37,eey9
48,28/06/2016,3,7,66,2.1,,,,,,,09:37,eey9
48,28/06/2016,3,8,66,2.2,,,,,,,09:38,eey9
48,28/06/2016,3,9,51,1.8,,,,,,,09:38,eey9
48,28/06/2016,3,10,32,1.2,,,,,,,09:38,eey9
48,28/06/2016,3,11,10.8,0.2,,,,,,,09:38,eey9
50,28/06/2016,1,0,,,100,42,25,25,6,0,09:00,eey9
50,28/06/2016,1,1,14,1.2,,,,,,,09:04,eey9
50,28/06/2016,1,2,31,1.5,,,,,,,09:05,eey9
50,28/06/2016,1,3,46,1.6,,,,,,,09:05,eey9
50,28/06/2016,1,4,57,1.7,,,,,,,09:05,eey9
50,28/06/2016,1,5,64,1.6,,,,,,,09:06,eey9
50,28/06/2016,1,6,66.5,1.8,,,,,,,09:06,eey9
50,28/06/2016,1,7,53,1.8,,,,,,,09:07,eey9
50,28/06/2016,1,8,29.5,0.7,,,,,,,09:07,eey9
50,28/06/2016,2,0,,,77,27,24,26,6,0,09:07,eey9
50,28/06/2016,2,1,4,1,,,,,,,09:09,eey9
50,28/06/2016,2,2,14,1.2,,,,,,,09:10,eey9
50,28/06/2016,2,3,24,1.6,,,,,,,09:10,eey9
50,28/06/2016,2,4,34,2.1,,,,,,,09:11,eey9
50,28/06/2016,2,5,37,1.8,,,,,,,09:11,eey9
50,28/06/2016,2,6,46,1.8,,,,,,,09:12,eey9
50,28/06/2016,2,7,47,2,,,,,,,09:12,eey9
50,28/06/2016,2,8,53,1.9,,,,,,,09:12,eey9
50,28/06/2016,2,9,44,1.6,,,,,,,09:13,eey9
50,28/06/2016,2,10,30.5,1.1,,,,,,,09:13,eey9
50,28/06/2016,2,11,16,0.4,,,,,,,09:13,eey9
50,28/06/2016,3,0,,,82,52,33,21,6,0,09:14,eey9
50,28/06/2016,3,1,6.5,1,,,,,,,09:15,eey9
50,28/06/2016,3,2,18,1.3,,,,,,,09:16,eey9
50,28/06/2016,3,3,28,1.4,,,,,,,09:16,eey9
50,28/06/2016,3,4,39,1.3,,,,,,,09:17,eey9
50,28/06/2016,3,5,50,1.5,,,,,,,09:17,eey9
50,28/06/2016,3,6,55,1.6,,,,,,,09:18,eey9
50,28/06/2016,3,7,40,1.2,,,,,,,09:18,eey9
50,28/06/2016,3,8,25,1,,,,,,,09:19,eey9
51,28/06/2016,1,0,,,195,20,63,56,12,0,08:38,eey9
51,28/06/2016,1,1,26,3.2,,,,,,,08:40,eey9
51,28/06/2016,1,2,46,3.2,,,,,,,08:43,eey9
51,28/06/2016,1,3,57,3.8,,,,,,,08:44,eey9
51,28/06/2016,1,4,57,3.6,,,,,,,08:44,eey9
51,28/06/2016,1,5,75,3.6,,,,,,,08:44,eey9
51,28/06/2016,1,6,82,3.4,,,,,,,08:45,eey9
51,28/06/2016,1,7,79,3.3,,,,,,,08:45,eey9
51,28/06/2016,1,8,49,2.7,,,,,,,08:46,eey9
51,28/06/2016,1,9,10,0.1,,,,,,,08:46,eey9
51,28/06/2016,2,0,,,196,29,54,63,10,0,08:46,eey9
51,28/06/2016,2,1,18,2.2,,,,,,,08:50,eey9
51,28/06/2016,2,2,30,1.7,,,,,,,08:52,eey9
51,28/06/2016,2,3,44,4.2,,,,,,,08:52,eey9
51,28/06/2016,2,4,58,4.2,,,,,,,08:52,eey9
51,28/06/2016,2,5,70,3.8,,,,,,,08:53,eey9
51,28/06/2016,2,6,79,3.8,,,,,,,08:53,eey9
51,28/06/2016,2,7,87,3.6,,,,,,,08:54,eey9
51,28/06/2016,2,8,69,3.2,,,,,,,08:54,eey9
51,28/06/2016,2,9,28,1.2,,,,,,,08:54,eey9
51,28/06/2016,3,0,,,201,23,67,34,9,0,08:55,eey9
51,28/06/2016,3,1,20,2,,,,,,,08:57,eey9
51,28/06/2016,3,2,29.5,2.8,,,,,,,08:57,eey9
51,28/06/2016,3,3,45,2.8,,,,,,,08:57,eey9
51,28/06/2016,3,4,60,2.5,,,,,,,08:58,eey9
51,28/06/2016,3,5,69.5,2.6,,,,,,,08:58,eey9
51,28/06/2016,3,6,74,2.7,,,,,,,08:58,eey9
51,28/06/2016,3,7,82,2.8,,,,,,,08:59,eey9
51,28/06/2016,3,8,65,2.7,,,,,,,08:59,eey9
51,28/06/2016,3,9,27,1.2,,,,,,,08:59,eey9
53,28/06/2016,1,0,,,81,19,34,32,5,0,10:43,eey9
53,28/06/2016,1,1,14,0.9,,,,,,,10:46,eey9
53,28/06/2016,1,2,37,1.2,,,,,,,10:47,eey9
53,28/06/2016,1,3,64,1.3,,,,,,,10:47,eey9
53,28/06/2016,1,4,50,1.2,,,,,,,10:47,eey9
53,28/06/2016,1,5,24,0.3,,,,,,,10:47,eey9
53,28/06/2016,2,0,,,90,17,38,39,7,0,10:48,eey9
53,28/06/2016,2,1,8.5,0.7,,,,,,,10:49,eey9
53,28/06/2016,2,2,24,1.3,,,,,,,10:50,eey9
53,28/06/2016,2,3,34,1.7,,,,,,,10:51,eey9
53,28/06/2016,2,4,48,1.9,,,,,,,10:51,eey9
53,28/06/2016,2,5,60,1.9,,,,,,,10:51,eey9
53,28/06/2016,2,6,76,2,,,,,,,10:51,eey9
53,28/06/2016,2,7,72,2.2,,,,,,,10:52,eey9
53,28/06/2016,2,8,53,1.6,,,,,,,10:52,eey9
53,28/06/2016,2,9,32.5,0.7,,,,,,,10:52,eey9
53,28/06/2016,3,0,,,73,17,41,40,5,0,10:53,eey9
53,28/06/2016,3,1,14,0.9,,,,,,,10:55,eey9
53,28/06/2016,3,2,42,1.2,,,,,,,10:55,eey9
53,28/06/2016,3,3,53,1.3,,,,,,,10:55,eey9
53,28/06/2016,3,4,43,1,,,,,,,10:56,eey9
53,28/06/2016,3,5,17,0.2,,,,,,,10:56,eey9
56,28/06/2016,1,0,,,140,11,41,33,11,0,09:56,eey9
56,28/06/2016,1,1,32,2.2,,,,,,,09:59,eey9
56,28/06/2016,1,2,42,2.6,,,,,,,09:59,eey9
56,28/06/2016,1,3,56,2.6,,,,,,,10:00,eey9
56,28/06/2016,1,4,67,2.7,,,,,,,10:01,eey9
56,28/06/2016,1,5,78,2.8,,,,,,,10:01,eey9
56,28/06/2016,1,6,83,2.9,,,,,,,10:02,eey9
56,28/06/2016,1,7,68,2.7,,,,,,,10:02,eey9
56,28/06/2016,1,8,40,1.2,,,,,,,10:02,eey9
56,28/06/2016,2,0,,,126,9,40,22,11,0,10:03,eey9
56,28/06/2016,2,1,42,2.5,,,,,,,10:05,eey9
56,28/06/2016,2,2,58,2.8,,,,,,,10:05,eey9
56,28/06/2016,2,3,67,2.8,,,,,,,10:05,eey9
56,28/06/2016,2,4,77,2.8,,,,,,,10:06,eey9
56,28/06/2016,2,5,87,3,,,,,,,10:06,eey9
56,28/06/2016,2,6,69,2.6,,,,,,,10:07,eey9
56,28/06/2016,2,7,54,1.5,,,,,,,10:07,eey9
56,28/06/2016,2,8,7.5,0.1,,,,,,,10:07,eey9
56,28/06/2016,3,0,,,127,25,47,70,11,0,10:07,eey9
56,28/06/2016,3,1,9,1.2,,,,,,,10:09,eey9
56,28/06/2016,3,2,24,2.7,,,,,,,10:10,eey9
56,28/06/2016,3,3,13,2.2,,,,,,,10:10,eey9
56,28/06/2016,3,4,39,3.2,,,,,,,10:10,eey9
56,28/06/2016,3,5,58,3.2,,,,,,,10:11,eey9
56,28/06/2016,3,6,67,2.8,,,,,,,10:11,eey9
56,28/06/2016,3,7,72,2.9,,,,,,,10:11,eey9
56,28/06/2016,3,8,79,2.7,,,,,,,10:12,eey9
56,28/06/2016,3,9,62,2.7,,,,,,,10:12,eey9
56,28/06/2016,3,10,37,0.7,,,,,,,10:12,eey9
57,28/06/2016,1,0,,,95,16,35,24,6,0,10:13,eey9
57,28/06/2016,1,1,7,0.8,,,,,,,10:14,eey9
57,28/06/2016,1,2,24,1.5,,,,,,,10:15,eey9
57,28/06/2016,1,3,44,1.9,,,,,,,10:15,eey9
57,28/06/2016,1,4,61,2,,,,,,,10:16,eey9
57,28/06/2016,1,5,73,1.9,,,,,,,10:16,eey9
57,28/06/2016,1,6,70,2,,,,,,,10:17,eey9
57,28/06/2016,1,7,49,1.1,,,,,,,10:17,eey9
57,28/06/2016,1,8,22.5,0.4,,,,,,,10:17,eey9
57,28/06/2016,2,0,,,85,17,27,45,6,0,10:20,eey9
57,28/06/2016,2,1,7.5,0.7,,,,,,,10:22,eey9
57,28/06/2016,2,2,25,1.3,,,,,,,10:22,eey9
57,28/06/2016,2,3,46.5,1.4,,,,,,,10:22,eey9
57,28/06/2016,2,4,63,1.4,,,,,,,10:23,eey9
57,28/06/2016,2,5,66,1.5,,,,,,,10:23,eey9
57,28/06/2016,2,6,44,1.2,,,,,,,10:24,eey9
57,28/06/2016,2,7,9.3,0.2,,,,,,,10:24,eey9
57,28/06/2016,3,0,,,67,17,36,42,5,0,10:24,eey9
57,28/06/2016,3,1,32,0.9,,,,,,,10:26,eey9
57,28/06/2016,3,2,45,1.2,,,,,,,10:26,eey9
57,28/06/2016,3,3,13,0.7,,,,,,,10:26,eey9
57,28/06/2016,3,4,36,1.1,,,,,,,10:27,eey9
57,28/06/2016,3,5,15,0.2,,,,,,,10:27,eey9
58,28/06/2016,1,0,,,203,17,50,59,12,0,09:39,eey9
58,28/06/2016,1,1,25,2.5,,,,,,,09:43,eey9
58,28/06/2016,1,2,39,3.2,,,,,,,09:43,eey9
58,28/06/2016,1,3,52,3.3,,,,,,,09:44,eey9
58,28/06/2016,1,4,62,3.2,,,,,,,09:44,eey9
58,28/06/2016,1,5,72.5,3.3,,,,,,,09:44,eey9
58,28/06/2016,1,6,79,3.3,,,,,,,09:45,eey9
58,28/06/2016,1,7,83,3.2,,,,,,,09:45,eey9
58,28/06/2016,1,8,60,3.2,,,,,,,09:46,eey9
58,28/06/2016,1,9,20,0.8,,,,,,,09:46,eey9
58,28/06/2016,2,0,,,173,11,45,29,12,0,09:46,eey9
58,28/06/2016,2,1,27,3.2,,,,,,,09:46,eey9
58,28/06/2016,2,2,43,3.6,,,,,,,09:49,eey9
58,28/06/2016,2,3,57,3.6,,,,,,,09:49,eey9
58,28/06/2016,2,4,68,3.4,,,,,,,09:49,eey9
58,28/06/2016,2,5,77,3.4,,,,,,,09:50,eey9
58,28/06/2016,2,6,83,3.2,,,,,,,09:50,eey9
58,28/06/2016,2,7,80,2.9,,,,,,,09:50,eey9
58,28/06/2016,2,8,47,2.3,,,,,,,09:51,eey9
58,28/06/2016,3,0,,,185,11,54,23,11,0,09:51,eey9
58,28/06/2016,3,1,26,3.5,,,,,,,09:53,eey9
58,28/06/2016,3,2,43,3.6,,,,,,,09:54,eey9
58,28/06/2016,3,3,58,3.3,,,,,,,09:54,eey9
58,28/06/2016,3,4,71,3,,,,,,,09:54,eey9
58,28/06/2016,3,5,74,3.2,,,,,,,09:55,eey9
58,28/06/2016,3,6,83,3.3,,,,,,,09:55,eey9
58,28/06/2016,3,7,64,3,,,,,,,09:55,eey9
58,28/06/2016,3,8,33,1.7,,,,,,,09:56,eey9
61,28/06/2016,1,0,,,108,51,21,23,6,0,10:30,eey9
61,28/06/2016,1,1,7,0.8,,,,,,,10:31,eey9
61,28/06/2016,1,2,25,1.3,,,,,,,10:32,eey9
61,28/06/2016,1,3,44,1.5,,,,,,,10:32,eey9
61,28/06/2016,1,4,54,1.7,,,,,,,10:33,eey9
61,28/06/2016,1,5,58,1.7,,,,,,,10:33,eey9
61,28/06/2016,1,6,63,1.7,,,,,,,10:33,eey9
61,28/06/2016,1,7,50,1.8,,,,,,,10:33,eey9
61,28/06/2016,1,8,27,0.7,,,,,,,10:34,eey9
61,28/06/2016,2,0,,,110,73,22,39,6,0,10:35,eey9
61,28/06/2016,2,1,4,0.5,,,,,,,10:36,eey9
61,28/06/2016,2,2,17,1.3,,,,,,,10:37,eey9
61,28/06/2016,2,3,40,1.6,,,,,,,10:37,eey9
61,28/06/2016,2,4,63,1.7,,,,,,,10:38,eey9
61,28/06/2016,2,5,75,1.6,,,,,,,10:38,eey9
61,28/06/2016,2,6,56,1.7,,,,,,,10:38,eey9
61,28/06/2016,2,7,38,1.3,,,,,,,10:39,eey9
61,28/06/2016,2,8,11,1.1,,,,,,,10:39,eey9
61,28/06/2016,3,0,,,100,37,24,28,7,0,10:39,eey9
61,28/06/2016,3,1,21,1.6,,,,,,,10:41,eey9
61,28/06/2016,3,2,27,1.9,,,,,,,10:41,eey9
61,28/06/2016,3,3,39,1.6,,,,,,,10:41,eey9
61,28/06/2016,3,4,43,1.9,,,,,,,10:42,eey9
61,28/06/2016,3,5,55,2.1,,,,,,,10:42,eey9
61,28/06/2016,3,6,60,2.2,,,,,,,10:43,eey9
61,28/06/2016,3,7,52,1.6,,,,,,,10:43,eey9
61,28/06/2016,3,8,35,1.2,,,,,,,10:43,eey9
61,28/06/2016,3,9,13,0.3,,,,,,,10:43,eey9
35,12/07/2016,1,0,,,114,44,28,24,6,0,09:23,eey9
35,12/07/2016,1,1,17,1.3,,,,,,,09:26,eey9
35,12/07/2016,1,2,33,1.7,,,,,,,09:27,eey9
35,12/07/2016,1,3,46,1.9,,,,,,,09:27,eey9
35,12/07/2016,1,4,50,1.9,,,,,,,09:28,eey9
35,12/07/2016,1,5,57,2,,,,,,,09:28,eey9
35,12/07/2016,1,6,68,2.2,,,,,,,09:29,eey9
35,12/07/2016,1,7,66,2.2,,,,,,,09:29,eey9
35,12/07/2016,1,8,58,1.8,,,,,,,09:29,eey9
35,12/07/2016,1,9,38,1.6,,,,,,,09:29,eey9
35,12/07/2016,1,10,23,0.6,,,,,,,09:30,eey9
35,12/07/2016,2,0,,,90,22,26,28,6,0,09:30,eey9
35,12/07/2016,2,1,8,0.8,,,,,,,09:32,eey9
35,12/07/2016,2,2,25,1.2,,,,,,,09:32,eey9
35,12/07/2016,2,3,46,1.5,,,,,,,09:32,eey9
35,12/07/2016,2,4,56,1.6,,,,,,,09:33,eey9
35,12/07/2016,2,5,56,1.7,,,,,,,09:33,eey9
35,12/07/2016,2,6,31,1.3,,,,,,,09:33,eey9
35,12/07/2016,2,7,12,0.3,,,,,,,09:33,eey9
35,12/07/2016,3,0,,,130,87,27,37,7,1,09:34,eey9
35,12/07/2016,3,1,10,1,,,,,,,09:36,eey9
35,12/07/2016,3,2,18,1.7,,,,,,,09:37,eey9
35,12/07/2016,3,3,32,1.8,,,,,,,09:37,eey9
35,12/07/2016,3,4,45,1.8,,,,,,,09:37,eey9
35,12/07/2016,3,5,53,1.9,,,,,,,09:38,eey9
35,12/07/2016,3,6,54,2,,,,,,,09:38,eey9
35,12/07/2016,3,7,56,2,,,,,,,09:38,eey9
35,12/07/2016,3,8,50,2,,,,,,,09:38,eey9
35,12/07/2016,3,9,41,1.6,,,,,,,09:39,eey9
35,12/07/2016,3,10,27,0.9,,,,,,,09:39,eey9
39,12/07/2016,1,0,,,91,38,35,30,4,0,09:43,eey9
39,12/07/2016,1,1,6.5,0.7,,,,,,,09:46,eey9
39,12/07/2016,1,2,25,1.4,,,,,,,09:47,eey9
39,12/07/2016,1,3,47,1.5,,,,,,,09:47,eey9
39,12/07/2016,1,4,65,1.5,,,,,,,09:48,eey9
39,12/07/2016,1,5,77,1.6,,,,,,,09:48,eey9
39,12/07/2016,1,6,66,1.3,,,,,,,09:49,eey9
39,12/07/2016,1,7,39,0.7,,,,,,,09:49,eey9
39,12/07/2016,2,0,,,108,41,37,35,6,0,09:50,eey9
39,12/07/2016,2,1,14,0.9,,,,,,,09:53,eey9
39,12/07/2016,2,2,39,1.3,,,,,,,09:53,eey9
39,12/07/2016,2,3,56,1.2,,,,,,,09:54,eey9
39,12/07/2016,2,4,77,1.2,,,,,,,09:54,eey9
39,12/07/2016,2,5,73,1.2,,,,,,,09:55,eey9
39,12/07/2016,2,6,54,1.2,,,,,,,09:55,eey9
39,12/07/2016,2,7,12.5,0.2,,,,,,,09:55,eey9
39,12/07/2016,3,0,,,114,23,42,42,7,0,09:56,eey9
39,12/07/2016,3,1,25,1.4,,,,,,,09:58,eey9
39,12/07/2016,3,2,38,1.9,,,,,,,09:59,eey9
39,12/07/2016,3,3,63,2,,,,,,,10:00,eey9
39,12/07/2016,3,4,84,2,,,,,,,10:01,eey9
39,12/07/2016,3,5,93,2,,,,,,,10:01,eey9
39,12/07/2016,3,6,89,2,,,,,,,10:01,eey9
39,12/07/2016,3,7,66,1.5,,,,,,,10:02,eey9
39,12/07/2016,3,8,32,0.6,,,,,,,10:02,eey9
40,12/07/2016,1,0,,,210,15,43,56,12,0,09:11,eey9
40,12/07/2016,1,1,41,2.8,,,,,,,09:24,eey9
40,12/07/2016,1,2,47,3.2,,,,,,,09:24,eey9
40,12/07/2016,1,3,66,3.2,,,,,,,09:25,eey9
40,12/07/2016,1,4,74,3.3,,,,,,,09:25,eey9
40,12/07/2016,1,5,80,3.3,,,,,,,09:26,eey9
40,12/07/2016,1,6,87,2.7,,,,,,,09:27,eey9
40,12/07/2016,1,7,82,3.4,,,,,,,09:27,eey9
40,12/07/2016,1,8,63,3.3,,,,,,,09:28,eey9
40,12/07/2016,1,9,37,2,,,,,,,09:28,eey9
40,12/07/2016,2,0,,,208,,35,26,11,0,09:29,eey9
40,12/07/2016,2,1,45,2,,,,,,,09:31,eey9
40,12/07/2016,2,2,56,3.2,,,,,,,09:32,eey9
40,12/07/2016,2,3,60,3.6,,,,,,,09:32,eey9
40,12/07/2016,2,4,63,3.3,,,,,,,09:33,eey9
40,12/07/2016,2,5,79,3.2,,,,,,,09:33,eey9
40,12/07/2016,2,6,82,2.6,,,,,,,09:34,eey9
40,12/07/2016,2,7,82,3.2,,,,,,,09:34,eey9
40,12/07/2016,2,8,83,3.4,,,,,,,09:35,eey9
40,12/07/2016,2,9,44,2.7,,,,,,,09:35,eey9
40,12/07/2016,3,0,,,210,15,70,46,8,0,09:36,eey9
40,12/07/2016,3,1,42,3,,,,,,,09:39,eey9
40,12/07/2016,3,2,55,2.8,,,,,,,09:40,eey9
40,12/07/2016,3,3,64,2.8,,,,,,,09:40,eey9
40,12/07/2016,3,4,69,2.8,,,,,,,09:41,eey9
40,12/07/2016,3,5,75,2.9,,,,,,,09:41,eey9
40,12/07/2016,3,6,83,2.8,,,,,,,09:42,eey9
40,12/07/2016,3,7,62,3.2,,,,,,,09:42,eey9
40,12/07/2016,3,8,42,2.6,,,,,,,09:43,eey9
42,12/07/2016,1,0,,,179,27,60,57,10,0,10:03,eey9
42,12/07/2016,1,1,27,2.4,,,,,,,10:06,eey9
42,12/07/2016,1,2,42,2.8,,,,,,,10:06,eey9
42,12/07/2016,1,3,57,2.7,,,,,,,10:07,eey9
42,12/07/2016,1,4,69,2.9,,,,,,,10:07,eey9
42,12/07/2016,1,5,74,3.2,,,,,,,10:08,eey9
42,12/07/2016,1,6,80,2.8,,,,,,,10:08,eey9
42,12/07/2016,1,7,80,3.1,,,,,,,10:08,eey9
42,12/07/2016,1,8,80,2.8,,,,,,,10:09,eey9
42,12/07/2016,1,9,54,2.5,,,,,,,10:09,eey9
42,12/07/2016,1,10,24,0.2,,,,,,,10:10,eey9
42,12/07/2016,2,0,,,173,27,48,62,10,0,10:10,eey9
42,12/07/2016,2,1,25,2.2,,,,,,,10:12,eey9
42,12/07/2016,2,2,40,2.7,,,,,,,10:13,eey9
42,12/07/2016,2,3,54,2.9,,,,,,,10:13,eey9
42,12/07/2016,2,4,64,3,,,,,,,10:14,eey9
42,12/07/2016,2,5,67,2.8,,,,,,,10:14,eey9
42,12/07/2016,2,6,78,2.8,,,,,,,10:15,eey9
42,12/07/2016,2,8,60,2.6,,,,,,,10:16,eey9
42,12/07/2016,2,9,40,1.2,,,,,,,10:17,eey9
42,12/07/2016,3,0,,,157,17,51,50,11,0,10:18,eey9
42,12/07/2016,3,1,30,2.4,,,,,,,10:20,eey9
42,12/07/2016,3,2,48,2.8,,,,,,,10:21,eey9
42,12/07/2016,3,3,56,2.8,,,,,,,10:21,eey9
42,12/07/2016,3,4,67,2.5,,,,,,,10:22,eey9
42,12/07/2016,3,5,78,2.6,,,,,,,10:22,eey9
42,12/07/2016,3,6,85,2.7,,,,,,,10:23,eey9
42,12/07/2016,3,7,73,2.7,,,,,,,10:23,eey9
42,12/07/2016,3,8,55,2.3,,,,,,,10:24,eey9
42,12/07/2016,3,9,22,0.3,,,,,,,10:24,eey9
44,12/07/2016,1,0,,,200,25,62,79,10,0,11:42,eey9
44,12/07/2016,1,1,34,3.2,,,,,,,11:44,eey9
44,12/07/2016,1,2,46,3.2,,,,,,,11:44,eey9
44,12/07/2016,1,3,56,3.2,,,,,,,11:45,eey9
44,12/07/2016,1,4,67,2.8,,,,,,,11:45,eey9
44,12/07/2016,1,5,73,3,,,,,,,11:46,eey9
44,12/07/2016,1,6,74,2.8,,,,,,,11:47,eey9
44,12/07/2016,1,7,50,2.5,,,,,,,11:47,eey9
44,12/07/2016,2,0,,,195,33,58,78,12,0,11:48,eey9
44,12/07/2016,2,1,50,3.6,,,,,,,11:51,eey9
44,12/07/2016,2,2,58,4,,,,,,,11:51,eey9
44,12/07/2016,2,3,70,4,,,,,,,11:52,eey9
44,12/07/2016,2,4,78,4,,,,,,,11:52,eey9
44,12/07/2016,2,5,79,3.9,,,,,,,11:53,eey9
44,12/07/2016,2,6,87,3.8,,,,,,,11:53,eey9
44,12/07/2016,2,7,84,3.6,,,,,,,11:54,eey9
44,12/07/2016,2,8,78,4,,,,,,,11:54,eey9
44,12/07/2016,2,9,53,3.7,,,,,,,11:55,eey9
44,12/07/2016,2,10,30,0.7,,,,,,,11:55,eey9
44,12/07/2016,3,0,,,210,21,72,55,11,0,11:55,eey9
44,12/07/2016,3,1,38,3.2,,,,,,,11:57,eey9
44,12/07/2016,3,2,46,3.8,,,,,,,11:58,eey9
44,12/07/2016,3,3,64,3.5,,,,,,,11:58,eey9
44,12/07/2016,3,4,70,3.2,,,,,,,11:59,eey9
44,12/07/2016,3,5,71,2.8,,,,,,,11:59,eey9
44,12/07/2016,3,6,83,3,,,,,,,12:00,eey9
44,12/07/2016,3,7,74,3.3,,,,,,,12:00,eey9
44,12/07/2016,3,8,48,2.7,,,,,,,12:00,eey9
46,12/07/2016,1,0,,,108,33,38,32,8,0,10:25,eey9
46,12/07/2016,1,1,3,1.2,,,,,,,10:31,eey9
46,12/07/2016,1,2,49,2.1,,,,,,,10:32,eey9
46,12/07/2016,1,3,70,2,,,,,,,10:32,eey9
46,12/07/2016,1,4,85,2,,,,,,,10:33,eey9
46,12/07/2016,1,5,87,1.9,,,,,,,10:33,eey9
46,12/07/2016,1,6,72,1.5,,,,,,,10:34,eey9
46,12/07/2016,1,7,48,1,,,,,,,10:34,eey9
46,12/07/2016,1,8,10.5,0.1,,,,,,,10:35,eey9
46,12/07/2016,2,0,,,57,9,20,10,3,0,10:35,eey9
46,12/07/2016,2,1,9,0.5,,,,,,,10:37,eey9
46,12/07/2016,2,2,27,0.7,,,,,,,10:38,eey9
46,12/07/2016,2,3,40,0.7,,,,,,,10:38,eey9
46,12/07/2016,2,4,35,0.7,,,,,,,10:39,eey9
46,12/07/2016,2,5,18,0.3,,,,,,,10:39,eey9
46,12/07/2016,3,0,,,105,52,45,42,7,0,10:39,eey9
46,12/07/2016,3,1,16,1.4,,,,,,,10:42,eey9
46,12/07/2016,3,2,32,1.9,,,,,,,10:42,eey9
46,12/07/2016,3,3,46,2.1,,,,,,,10:43,eey9
46,12/07/2016,3,4,65,2.2,,,,,,,10:43,eey9
46,12/07/2016,3,5,77,2.3,,,,,,,10:44,eey9
46,12/07/2016,3,6,56,2.3,,,,,,,10:44,eey9
46,12/07/2016,3,7,53,1.5,,,,,,,10:45,eey9
46,12/07/2016,3,8,27,0.2,,,,,,,10:46,eey9
48,12/07/2016,1,0,,,112,56,34,24,7,0,12:22,eey9
48,12/07/2016,1,1,4,0.6,,,,,,,12:25,eey9
48,12/07/2016,1,2,21,1.2,,,,,,,12:27,eey9
48,12/07/2016,1,3,37,1.6,,,,,,,12:27,eey9
48,12/07/2016,1,4,56,1.6,,,,,,,12:28,eey9
48,12/07/2016,1,5,60,2,,,,,,,12:28,eey9
48,12/07/2016,1,6,66,1.9,,,,,,,12:28,eey9
48,12/07/2016,1,7,61,2.2,,,,,,,12:28,eey9
48,12/07/2016,1,8,58,1.8,,,,,,,12:29,eey9
48,12/07/2016,1,9,40,1.2,,,,,,,12:29,eey9
48,12/07/2016,1,10,16,0.8,,,,,,,12:30,eey9
48,12/07/2016,2,0,,,115,33,26,19,6,0,12:30,eey9
48,12/07/2016,2,1,24,1.2,,,,,,,12:32,eey9
48,12/07/2016,2,2,43,1.5,,,,,,,12:33,eey9
48,12/07/2016,2,3,51,1.7,,,,,,,12:33,eey9
48,12/07/2016,2,4,59,1.7,,,,,,,12:33,eey9
48,12/07/2016,2,5,60,1.8,,,,,,,12:33,eey9
48,12/07/2016,2,6,65,1.9,,,,,,,12:34,eey9
48,12/07/2016,2,7,68,1.8,,,,,,,12:34,eey9
48,12/07/2016,2,8,61,1.7,,,,,,,12:34,eey9
48,12/07/2016,2,9,45,1.4,,,,,,,12:35,eey9
48,12/07/2016,2,10,23,0.5,,,,,,,12:35,eey9
48,12/07/2016,3,0,,,120,57,24,32,5,0,12:36,eey9
48,12/07/2016,3,1,21,1.5,,,,,,,12:38,eey9
48,12/07/2016,3,2,33,1.6,,,,,,,12:39,eey9
48,12/07/2016,3,3,38,1.5,,,,,,,12:39,eey9
48,12/07/2016,3,4,50,1.6,,,,,,,12:39,eey9
48,12/07/2016,3,5,55,1.8,,,,,,,12:39,eey9
48,12/07/2016,3,6,63,1.8,,,,,,,12:40,eey9
48,12/07/2016,3,7,63,1.8,,,,,,,12:40,eey9
48,12/07/2016,3,8,58,1.8,,,,,,,12:40,eey9
48,12/07/2016,3,9,46,1.5,,,,,,,12:41,eey9
48,12/07/2016,3,10,26,0.5,,,,,,,12:41,eey9
50,12/07/2016,1,0,,,113,54,36,28,8,0,12:03,eey9
50,12/07/2016,1,1,14,1.4,,,,,,,12:06,eey9
50,12/07/2016,1,2,27,1.7,,,,,,,12:07,eey9
50,12/07/2016,1,3,35,2.2,,,,,,,12:08,eey9
50,12/07/2016,1,4,40,2.2,,,,,,,12:08,eey9
50,12/07/2016,1,5,44,2.6,,,,,,,12:08,eey9
50,12/07/2016,1,6,50,2.6,,,,,,,12:09,eey9
50,12/07/2016,1,7,50,2.5,,,,,,,12:09,eey9
50,12/07/2016,1,8,56,2.7,,,,,,,12:10,eey9
50,12/07/2016,1,9,53,2.6,,,,,,,12:10,eey9
50,12/07/2016,1,10,42,1.6,,,,,,,12:10,eey9
50,12/07/2016,1,11,32,1,,,,,,,12:11,eey9
50,12/07/2016,2,0,,,91,26,30,24,6,0,12:11,eey9
50,12/07/2016,2,1,26,1.5,,,,,,,12:13,eey9
50,12/07/2016,2,2,35,1.5,,,,,,,12:13,eey9
50,12/07/2016,2,3,46,1.6,,,,,,,12:14,eey9
50,12/07/2016,2,4,40,1.7,,,,,,,12:14,eey9
50,12/07/2016,2,5,49,1.7,,,,,,,12:14,eey9
50,12/07/2016,2,6,54,1.7,,,,,,,12:15,eey9
50,12/07/2016,2,7,49,1.7,,,,,,,12:15,eey9
50,12/07/2016,2,8,35,1,,,,,,,12:15,eey9
50,12/07/2016,2,9,16.5,0.5,,,,,,,12:15,eey9
50,12/07/2016,3,0,,,102,72,33,28,5,0,12:17,eey9
50,12/07/2016,3,1,19,1,,,,,,,12:19,eey9
50,12/07/2016,3,2,31,1.4,,,,,,,12:19,eey9
50,12/07/2016,3,3,40,1.6,,,,,,,12:19,eey9
50,12/07/2016,3,4,45,1.8,,,,,,,12:20,eey9
50,12/07/2016,3,5,50,1.7,,,,,,,12:20,eey9
50,12/07/2016,3,6,60,1.7,,,,,,,12:21,eey9
50,12/07/2016,3,7,61,1.7,,,,,,,12:21,eey9
50,12/07/2016,3,8,57,1.7,,,,,,,12:21,eey9
50,12/07/2016,3,9,36,1.3,,,,,,,12:21,eey9
50,12/07/2016,3,10,15,0.3,,,,,,,12:22,eey9
51,12/07/2016,1,0,,,185,17,74,65,10,0,10:46,eey9
51,12/07/2016,1,1,40,3.4,,,,,,,10:51,eey9
51,12/07/2016,1,2,35,3.3,,,,,,,10:51,eey9
51,12/07/2016,1,3,65,3.2,,,,,,,10:52,eey9
51,12/07/2016,1,4,71,3.3,,,,,,,10:52,eey9
51,12/07/2016,1,5,78,3.4,,,,,,,10:53,eey9
51,12/07/2016,1,6,78,3,,,,,,,10:53,eey9
51,12/07/2016,1,7,73,3.7,,,,,,,10:54,eey9
51,12/07/2016,1,8,58,3.6,,,,,,,10:55,eey9
51,12/07/2016,1,9,36,1.9,,,,,,,10:55,eey9
51,12/07/2016,2,0,,,230,32,61,56,11,0,10:56,eey9
51,12/07/2016,2,1,51,4,,,,,,,11:00,eey9
51,12/07/2016,2,2,56,3.5,,,,,,,11:01,eey9
51,12/07/2016,2,3,65,3.4,,,,,,,11:01,eey9
51,12/07/2016,2,4,70,3.2,,,,,,,11:01,eey9
51,12/07/2016,2,5,77,2.9,,,,,,,11:02,eey9
51,12/07/2016,2,6,84,2,,,,,,,11:02,eey9
51,12/07/2016,2,7,84,3.2,,,,,,,11:03,eey9
51,12/07/2016,2,8,63,3.2,,,,,,,11:04,eey9
51,12/07/2016,2,9,39,2.2,,,,,,,11:04,eey9
51,12/07/2016,3,0,,,226,26,54,60,11,0,11:05,eey9
51,12/07/2016,3,1,32,3,,,,,,,11:07,eey9
51,12/07/2016,3,2,42,3,,,,,,,11:08,eey9
51,12/07/2016,3,3,58,3,,,,,,,11:08,eey9
51,12/07/2016,3,4,64,2.7,,,,,,,11:09,eey9
51,12/07/2016,3,5,68,2.8,,,,,,,11:09,eey9
51,12/07/2016,3,6,81,2.7,,,,,,,11:10,eey9
51,12/07/2016,3,7,83,2.8,,,,,,,11:10,eey9
51,12/07/2016,3,8,84,3.2,,,,,,,11:11,eey9
51,12/07/2016,3,9,64,3,,,,,,,11:11,eey9
51,12/07/2016,3,10,38,2.2,,,,,,,11:12,eey9
53,12/07/2016,1,0,,,103,32,32,26,5,0,09:11,eey9
53,12/07/2016,1,1,14,0.9,,,,,,,09:12,eey9
53,12/07/2016,1,2,37,1.1,,,,,,,09:13,eey9
53,12/07/2016,1,3,62,1.2,,,,,,,09:13,eey9
53,12/07/2016,1,4,74,1.4,,,,,,,09:14,eey9
53,12/07/2016,1,5,61,1.3,,,,,,,09:14,eey9
53,12/07/2016,1,6,36,0.7,,,,,,,09:14,eey9
53,12/07/2016,2,0,,,105,25,44,23,7,0,09:15,eey9
53,12/07/2016,2,1,5,1,,,,,,,09:17,eey9
53,12/07/2016,2,2,19,1.4,,,,,,,09:17,eey9
53,12/07/2016,2,3,34,1.8,,,,,,,09:17,eey9
53,12/07/2016,2,4,42,2.1,,,,,,,09:18,eey9
53,12/07/2016,2,5,54,2,,,,,,,09:18,eey9
53,12/07/2016,2,6,64,1.8,,,,,,,09:19,eey9
53,12/07/2016,2,7,82,1.9,,,,,,,09:19,eey9
53,12/07/2016,2,8,70,1.9,,,,,,,09:19,eey9
53,12/07/2016,3,0,,,90,27,34,50,5,0,09:19,eey9
53,12/07/2016,3,1,11,1.1,,,,,,,09:21,eey9
53,12/07/2016,3,2,30,1.1,,,,,,,09:22,eey9
53,12/07/2016,3,3,51,1.3,,,,,,,09:22,eey9
53,12/07/2016,3,4,67,1.3,,,,,,,09:22,eey9
53,12/07/2016,3,5,57,1.2,,,,,,,09:22,eey9
53,12/07/2016,3,6,33,0.7,,,,,,,09:23,eey9
56,12/07/2016,1,0,,,166,22,55,50,10,0,12:41,eey9
56,12/07/2016,1,1,20,2.2,,,,,,,12:43,eey9
56,12/07/2016,1,2,35,2.3,,,,,,,12:44,eey9
56,12/07/2016,1,3,46,2.3,,,,,,,12:44,eey9
56,12/07/2016,1,4,59,2.5,,,,,,,12:45,eey9
56,12/07/2016,1,5,68,2.7,,,,,,,12:45,eey9
56,12/07/2016,1,6,83,2.7,,,,,,,12:45,eey9
56,12/07/2016,1,7,78,2.4,,,,,,,12:46,eey9
56,12/07/2016,1,8,64,2.3,,,,,,,12:46,eey9
56,12/07/2016,1,9,44,1.3,,,,,,,12:47,eey9
56,12/07/2016,2,0,,,164,13,35,32,12,0,12:47,eey9
56,12/07/2016,2,1,24,1.7,,,,,,,12:49,eey9
56,12/07/2016,2,2,41,2,,,,,,,12:49,eey9
56,12/07/2016,2,3,57,2.2,,,,,,,12:50,eey9
56,12/07/2016,2,4,70,2.5,,,,,,,12:50,eey9
56,12/07/2016,2,5,79,2.2,,,,,,,12:51,eey9
56,12/07/2016,2,6,89,2.2,,,,,,,12:51,eey9
56,12/07/2016,2,7,70,2,,,,,,,12:51,eey9
56,12/07/2016,2,8,20,0.8,,,,,,,12:52,eey9
56,12/07/2016,3,0,,,155,29,60,75,11,0,12:52,eey9
56,12/07/2016,3,1,20,1.6,,,,,,,12:54,eey9
56,12/07/2016,3,2,34,2.3,,,,,,,12:55,eey9
56,12/07/2016,3,3,53,2.5,,,,,,,12:55,eey9
56,12/07/2016,3,4,62,2.7,,,,,,,12:55,eey9
56,12/07/2016,3,5,80,2.9,,,,,,,12:55,eey9
56,12/07/2016,3,6,87,2.7,,,,,,,12:56,eey9
56,12/07/2016,3,7,94,2.7,,,,,,,12:56,eey9
56,12/07/2016,3,8,65,2.5,,,,,,,12:57,eey9
56,12/07/2016,3,9,40,1.5,,,,,,,12:57,eey9
57,12/07/2016,1,0,,,102,16,23,22,6,0,12:57,eey9
57,12/07/2016,1,1,21,1.4,,,,,,,12:59,eey9
57,12/07/2016,1,2,31,1.8,,,,,,,13:00,eey9
57,12/07/2016,1,3,49,1.7,,,,,,,13:00,eey9
57,12/07/2016,1,4,59,1.9,,,,,,,13:00,eey9
57,12/07/2016,1,5,76,1.9,,,,,,,13:00,eey9
57,12/07/2016,1,6,77,1.9,,,,,,,13:01,eey9
57,12/07/2016,1,7,58,1.5,,,,,,,13:01,eey9
57,12/07/2016,1,8,48,1.1,,,,,,,13:01,eey9
57,12/07/2016,2,0,,,108,22,19,29,6,0,13:02,eey9
57,12/07/2016,2,1,18,1.2,,,,,,,13:03,eey9
57,12/07/2016,2,2,32,2,,,,,,,13:04,eey9
57,12/07/2016,2,3,47,2.2,,,,,,,13:04,eey9
57,12/07/2016,2,4,60,2.2,,,,,,,13:05,eey9
57,12/07/2016,2,5,70,2.1,,,,,,,13:05,eey9
57,12/07/2016,2,6,76,2,,,,,,,13:05,eey9
57,12/07/2016,2,7,81,2,,,,,,,13:05,eey9
57,12/07/2016,2,8,62,1.6,,,,,,,13:06,eey9
57,12/07/2016,2,9,40,0.6,,,,,,,13:06,eey9
57,12/07/2016,3,0,,,96,26,40,37,4,0,13:06,eey9
57,12/07/2016,3,1,19,1,,,,,,,13:08,eey9
57,12/07/2016,3,2,38,1.1,,,,,,,13:08,eey9
57,12/07/2016,3,3,55,1,,,,,,,13:08,eey9
57,12/07/2016,3,4,60,1.1,,,,,,,13:09,eey9
57,12/07/2016,3,5,43,0.8,,,,,,,13:09,eey9
58,12/07/2016,1,0,,,220,22,63,62,10,0,11:14,eey9
58,12/07/2016,1,1,53,3.7,,,,,,,11:18,eey9
58,12/07/2016,1,2,53,3.2,,,,,,,11:19,eey9
58,12/07/2016,1,3,73,4,,,,,,,11:19,eey9
58,12/07/2016,1,4,71,3.8,,,,,,,11:20,eey9
58,12/07/2016,1,5,80,3.6,,,,,,,11:20,eey9
58,12/07/2016,1,6,86,3.6,,,,,,,11:21,eey9
58,12/07/2016,1,7,86,3.6,,,,,,,11:21,eey9
58,12/07/2016,1,8,82,3.2,,,,,,,11:22,eey9
58,12/07/2016,1,9,52,2.5,,,,,,,11:22,eey9
58,12/07/2016,1,10,25,0.7,,,,,,,11:23,eey9
58,12/07/2016,2,0,,,210,13,33,65,10,0,11:23,eey9
58,12/07/2016,2,1,42,3.6,,,,,,,11:25,eey9
58,12/07/2016,2,2,62,3.5,,,,,,,11:27,eey9
58,12/07/2016,2,3,69,3.7,,,,,,,11:27,eey9
58,12/07/2016,2,4,74,3.3,,,,,,,11:28,eey9
58,12/07/2016,2,5,66,3,,,,,,,11:28,eey9
58,12/07/2016,2,6,85,3,,,,,,,11:29,eey9
58,12/07/2016,2,7,76,3.4,,,,,,,11:29,eey9
58,12/07/2016,2,8,56,3.2,,,,,,,11:30,eey9
58,12/07/2016,2,9,39,1.2,,,,,,,11:30,eey9
58,12/07/2016,3,0,,,220,12,52,42,,0,11:31,eey9
58,12/07/2016,3,1,43,2.2,,,,,,,11:34,eey9
58,12/07/2016,3,2,57,2.8,,,,,,,11:35,eey9
58,12/07/2016,3,3,67,2.6,,,,,,,11:35,eey9
58,12/07/2016,3,4,77,2.9,,,,,,,11:36,eey9
58,12/07/2016,3,5,79,2.8,,,,,,,11:36,eey9
58,12/07/2016,3,6,72,3.2,,,,,,,11:37,eey9
58,12/07/2016,3,7,50,3,,,,,,,11:37,eey9
58,12/07/2016,3,8,32,1.2,,,,,,,11:37,eey9
61,12/07/2016,1,0,,,117,54,22,24,6,0,13:09,eey9
61,12/07/2016,1,1,2,1,,,,,,,08:55,eey9
61,12/07/2016,1,2,9.5,1.7,,,,,,,08:56,eey9
61,12/07/2016,1,3,20,1.8,,,,,,,08:56,eey9
61,12/07/2016,1,4,30,2,,,,,,,08:56,eey9
61,12/07/2016,1,5,40,2.2,,,,,,,08:56,eey9
61,12/07/2016,1,6,45,2.1,,,,,,,08:57,eey9
61,12/07/2016,1,7,46,2,,,,,,,08:57,eey9
61,12/07/2016,1,8,49,1.9,,,,,,,08:58,eey9
61,12/07/2016,1,9,47,1.9,,,,,,,08:58,eey9
61,12/07/2016,1,10,37,1.7,,,,,,,08:58,eey9
61,12/07/2016,1,11,25,1,,,,,,,08:58,eey9
61,12/07/2016,2,0,,,125,102,17,26,7,0,08:59,eey9
61,12/07/2016,2,1,10,1,,,,,,,09:01,eey9
61,12/07/2016,2,2,27,1.4,,,,,,,09:02,eey9
61,12/07/2016,2,3,47,1.6,,,,,,,09:02,eey9
61,12/07/2016,2,4,59,1.5,,,,,,,09:02,eey9
61,12/07/2016,2,5,62.5,1.7,,,,,,,09:02,eey9
61,12/07/2016,2,6,64.5,1.8,,,,,,,09:03,eey9
61,12/07/2016,2,7,60,1.9,,,,,,,09:03,eey9
61,12/07/2016,2,8,49,1.9,,,,,,,09:04,eey9
61,12/07/2016,3,0,,,105,59,25,37,7,0,09:04,eey9
61,12/07/2016,3,1,22,1.5,,,,,,,09:06,eey9
61,12/07/2016,3,2,40,1.5,,,,,,,09:07,eey9
61,12/07/2016,3,3,52,1.5,,,,,,,09:07,eey9
61,12/07/2016,3,4,62,1.6,,,,,,,09:08,eey9
61,12/07/2016,3,5,65,1.7,,,,,,,09:08,eey9
61,12/07/2016,3,6,65,1.8,,,,,,,09:08,eey9
61,12/07/2016,3,7,46,1.6,,,,,,,09:09,eey9
61,12/07/2016,3,8,26,0.6,,,,,,,09:09,eey9
35,09/08/2016,1,0,,,146.0,44,29,25,6.0,2,10:02,NoUser
35,09/08/2016,1,1,34.0,1.4,,,,,,,10:03,NoUser
35,09/08/2016,1,2,47.0,1.7,,,,,,,10:03,NoUser
35,09/08/2016,1,3,54.0,1.7,,,,,,,10:03,NoUser
35,09/08/2016,1,4,59.0,2.0,,,,,,,10:03,NoUser
35,09/08/2016,1,5,66.0,2.1,,,,,,,10:06,NoUser
35,09/08/2016,1,6,57.5,1.7,,,,,,,10:07,NoUser
35,09/08/2016,1,7,44.0,1.5,,,,,,,10:09,NoUser
35,09/08/2016,1,8,27.5,1.3,,,,,,,10:10,NoUser
35,09/08/2016,1,9,9.0,0.5,,,,,,,10:10,NoUser
35,09/08/2016,2,0,,,122.0,21,31,28,4.0,1,10:10,NoUser
35,09/08/2016,2,1,12.0,1.2,,,,,,,10:12,NoUser
35,09/08/2016,2,2,33.0,1.5,,,,,,,10:13,NoUser
35,09/08/2016,2,3,37.0,1.7,,,,,,,10:13,NoUser
35,09/08/2016,2,4,46.0,1.8,,,,,,,10:14,NoUser
35,09/08/2016,2,5,53.0,1.9,,,,,,,10:14,NoUser
35,09/08/2016,2,6,62.0,1.9,,,,,,,10:14,NoUser
35,09/08/2016,2,7,59.0,1.7,,,,,,,10:14,NoUser
35,09/08/2016,2,8,53.0,1.7,,,,,,,10:15,NoUser
35,09/08/2016,2,9,31.0,1.3,,,,,,,10:15,NoUser
35,09/08/2016,2,10,19.0,0.7,,,,,,,10:15,NoUser
35,09/08/2016,3,0,,,163.0,88,34,28,6.0,2,10:15,NoUser
35,09/08/2016,3,1,39.0,1.5,,,,,,,10:18,NoUser
35,09/08/2016,3,2,48.0,1.5,,,,,,,10:18,NoUser
35,09/08/2016,3,3,53.0,1.7,,,,,,,10:19,NoUser
35,09/08/2016,3,4,58.0,1.8,,,,,,,10:19,NoUser
35,09/08/2016,3,5,60.0,2.0,,,,,,,10:19,NoUser
35,09/08/2016,3,6,52.0,1.8,,,,,,,10:20,NoUser
35,09/08/2016,3,7,38.0,1.3,,,,,,,10:20,NoUser
35,09/08/2016,3,8,6.5,0.2,,,,,,,10:20,NoUser
39,09/08/2016,1,0,,,140.0,49,32,42,6.0,0,11:01,eey9
39,09/08/2016,1,1,3.0,0.7,,,,,,,11:03,eey9
39,09/08/2016,1,2,33.0,1.2,,,,,,,11:04,eey9
39,09/08/2016,1,3,60.0,1.2,,,,,,,11:04,eey9
39,09/08/2016,1,4,82.0,1.3,,,,,,,11:04,eey9
39,09/08/2016,1,5,90.0,1.4,,,,,,,11:04,eey9
39,09/08/2016,1,6,80.0,1.8,,,,,,,11:05,eey9
39,09/08/2016,1,7,56.0,1.4,,,,,,,11:05,eey9
39,09/08/2016,1,8,24.0,0.2,,,,,,,11:05,eey9
39,09/08/2016,2,0,,,152.0,68,35,35,5.0,0,11:06,eey9
39,09/08/2016,2,1,9.0,0.8,,,,,,,11:09,eey9
39,09/08/2016,2,2,33.0,1.4,,,,,,,11:09,eey9
39,09/08/2016,2,3,60.0,1.4,,,,,,,11:10,eey9
39,09/08/2016,2,4,80.0,1.4,,,,,,,11:10,eey9
39,09/08/2016,2,5,94.0,1.4,,,,,,,11:11,eey9
39,09/08/2016,2,6,98.0,1.8,,,,,,,11:11,eey9
39,09/08/2016,2,7,80.0,2.0,,,,,,,11:11,eey9
39,09/08/2016,2,8,60.0,1.8,,,,,,,11:12,eey9
39,09/08/2016,3,0,,,150.0,38,37,40,5.0,0,11:12,eey9
39,09/08/2016,3,1,9.0,1.0,,,,,,,11:14,eey9
39,09/08/2016,3,2,30.0,1.2,,,,,,,11:15,eey9
39,09/08/2016,3,3,57.0,1.7,,,,,,,11:15,eey9
39,09/08/2016,3,4,81.0,1.3,,,,,,,11:15,eey9
39,09/08/2016,3,5,92.0,1.5,,,,,,,11:16,eey9
39,09/08/2016,3,6,103.0,1.4,,,,,,,11:16,eey9
39,09/08/2016,3,7,79.0,1.6,,,,,,,11:17,eey9
39,09/08/2016,3,8,44.0,1.3,,,,,,,11:17,eey9
40,09/08/2016,1,0,,,250.0,11,57,34,12.0,0,09:19,eey9
40,09/08/2016,1,1,59.0,2.7,,,,,,,09:23,eey9
40,09/08/2016,1,2,14.0,1.7,,,,,,,09:24,eey9
40,09/08/2016,1,3,63.0,3.2,,,,,,,09:25,eey9
40,09/08/2016,1,4,70.0,2.8,,,,,,,09:25,eey9
40,09/08/2016,1,5,66.0,3.0,,,,,,,09:25,eey9
40,09/08/2016,1,6,75.0,3.0,,,,,,,09:26,eey9
40,09/08/2016,1,7,71.0,3.2,,,,,,,09:27,eey9
40,09/08/2016,1,8,54.0,3.5,,,,,,,09:27,eey9
40,09/08/2016,1,9,37.0,0.8,,,,,,,09:28,eey9
40,09/08/2016,2,0,,,252.0,6,45,32,11.0,0,09:28,eey9
40,09/08/2016,2,1,32.0,2.2,,,,,,,09:30,eey9
40,09/08/2016,2,2,60.0,3.2,,,,,,,09:31,eey9
40,09/08/2016,2,3,66.0,3.4,,,,,,,09:31,eey9
40,09/08/2016,2,4,62.0,3.2,,,,,,,09:32,eey9
40,09/08/2016,2,5,79.0,1.9,,,,,,,09:32,eey9
40,09/08/2016,2,6,77.0,2.9,,,,,,,09:32,eey9
40,09/08/2016,2,7,74.0,2.4,,,,,,,09:33,eey9
40,09/08/2016,2,8,72.0,2.0,,,,,,,09:34,eey9
40,09/08/2016,2,9,61.0,3.0,,,,,,,09:34,eey9
40,09/08/2016,2,10,31.0,1.5,,,,,,,09:35,eey9
40,09/08/2016,3,0,,,266.0,13,49,69,10.0,0,09:35,eey9
40,09/08/2016,3,1,47.0,2.7,,,,,,,09:38,eey9
40,09/08/2016,3,2,60.0,2.9,,,,,,,09:39,eey9
40,09/08/2016,3,3,73.0,3.0,,,,,,,09:39,eey9
40,09/08/2016,3,4,68.0,2.8,,,,,,,09:39,eey9
40,09/08/2016,3,5,66.0,2.8,,,,,,,09:40,eey9
40,09/08/2016,3,6,56.0,2.2,,,,,,,09:40,eey9
40,09/08/2016,3,7,71.0,3.0,,,,,,,09:41,eey9
40,09/08/2016,3,8,72.0,3.2,,,,,,,09:42,eey9
40,09/08/2016,3,9,60.0,3.2,,,,,,,09:42,eey9
40,09/08/2016,3,10,38.0,1.5,,,,,,,09:43,eey9
42,09/08/2016,1,0,,,243.0,28,72,64,11.0,0,11:18,eey9
42,09/08/2016,1,1,63.0,2.8,,,,,,,11:25,eey9
42,09/08/2016,1,2,57.0,2.9,,,,,,,11:26,eey9
42,09/08/2016,1,3,94.0,3.0,,,,,,,11:26,eey9
42,09/08/2016,1,4,84.0,2.8,,,,,,,11:27,eey9
42,09/08/2016,1,5,97.0,2.2,,,,,,,11:27,eey9
42,09/08/2016,1,6,94.0,3.2,,,,,,,11:28,eey9
42,09/08/2016,1,7,87.0,3.2,,,,,,,11:29,eey9
42,09/08/2016,1,8,71.0,3.1,,,,,,,11:29,eey9
42,09/08/2016,1,9,39.0,2.3,,,,,,,11:29,eey9
42,09/08/2016,2,0,,,242.0,27,44,64,10.0,0,11:30,eey9
42,09/08/2016,2,1,46.0,2.5,,,,,,,11:32,eey9
42,09/08/2016,2,2,64.0,2.6,,,,,,,11:34,eey9
42,09/08/2016,2,3,74.0,2.7,,,,,,,11:34,eey9
42,09/08/2016,2,4,88.0,2.7,,,,,,,11:34,eey9
42,09/08/2016,2,5,87.0,2.5,,,,,,,11:35,eey9
42,09/08/2016,2,6,89.0,2.5,,,,,,,11:35,eey9
42,09/08/2016,2,7,90.0,2.6,,,,,,,11:36,eey9
42,09/08/2016,2,8,87.0,2.7,,,,,,,11:37,eey9
42,09/08/2016,2,9,65.0,2.7,,,,,,,11:37,eey9
42,09/08/2016,3,0,,,250.0,22,58,48,10.0,0,11:37,eey9
42,09/08/2016,3,1,41.0,2.8,,,,,,,11:39,eey9
42,09/08/2016,3,2,55.0,2.8,,,,,,,11:39,eey9
42,09/08/2016,3,3,67.0,2.7,,,,,,,11:40,eey9
42,09/08/2016,3,4,77.0,2.7,,,,,,,11:40,eey9
42,09/08/2016,3,5,83.0,2.3,,,,,,,11:40,eey9
42,09/08/2016,3,6,90.0,2.6,,,,,,,11:41,eey9
42,09/08/2016,3,7,93.0,2.7,,,,,,,11:41,eey9
42,09/08/2016,3,8,87.0,3.0,,,,,,,11:41,eey9
42,09/08/2016,3,9,86.0,3.0,,,,,,,11:42,eey9
42,09/08/2016,3,10,67.0,2.9,,,,,,,11:42,eey9
44,09/08/2016,1,0,,,240.0,20,65,70,8.0,0,10:37,eey9
44,09/08/2016,1,1,54.0,2.1,,,,,,,10:39,eey9
44,09/08/2016,1,2,62.0,2.1,,,,,,,10:41,eey9
44,09/08/2016,1,3,64.0,2.7,,,,,,,10:41,eey9
44,09/08/2016,1,4,67.0,3.0,,,,,,,10:42,eey9
44,09/08/2016,1,5,54.0,2.0,,,,,,,10:42,eey9
44,09/08/2016,1,6,66.0,1.2,,,,,,,10:42,eey9
44,09/08/2016,1,7,59.0,3.0,,,,,,,10:42,eey9
44,09/08/2016,1,8,40.0,3.0,,,,,,,10:43,eey9
44,09/08/2016,2,0,,,225.0,24,64,66,9.0,0,10:44,eey9
44,09/08/2016,2,1,74.0,2.0,,,,,,,10:47,eey9
44,09/08/2016,2,2,66.0,2.4,,,,,,,10:48,eey9
44,09/08/2016,2,3,70.0,2.0,,,,,,,10:49,eey9
44,09/08/2016,2,4,76.0,3.6,,,,,,,10:50,eey9
44,09/08/2016,2,5,70.0,3.6,,,,,,,10:50,eey9
44,09/08/2016,2,6,78.0,3.8,,,,,,,10:51,eey9
44,09/08/2016,2,7,60.0,3.3,,,,,,,10:51,eey9
44,09/08/2016,2,8,30.0,0.6,,,,,,,10:51,eey9
44,09/08/2016,3,0,,,250.0,17,51,57,11.0,0,10:53,eey9
44,09/08/2016,3,1,50.0,3.0,,,,,,,10:54,eey9
44,09/08/2016,3,2,65.0,1.5,,,,,,,10:54,eey9
44,09/08/2016,3,3,84.0,3.2,,,,,,,10:56,eey9
44,09/08/2016,3,4,78.0,2.6,,,,,,,10:57,eey9
44,09/08/2016,3,5,70.0,3.0,,,,,,,10:58,eey9
44,09/08/2016,3,6,75.0,3.2,,,,,,,10:58,eey9
44,09/08/2016,3,7,60.0,3.2,,,,,,,10:58,eey9
44,09/08/2016,3,8,30.0,1.2,,,,,,,10:59,eey9
46,09/08/2016,1,0,,,149,48,30,26,7,0,,
46,09/08/2016,1,1,33,2.2,,,,,,,,
46,09/08/2016,1,2,43,2.3,,,,,,,,
46,09/08/2016,1,3,67,2.4,,,,,,,,
46,09/08/2016,1,4,80,2.4,,,,,,,,
46,09/08/2016,1,5,82,2.4,,,,,,,,
46,09/08/2016,1,6,92,2.3,,,,,,,,
46,09/08/2016,1,7,84,2.4,,,,,,,,
46,09/08/2016,1,8,94,2.4,,,,,,,,
46,09/08/2016,1,9,76,2.2,,,,,,,,
46,09/08/2016,1,10,56,1.6,,,,,,,,
46,09/08/2016,1,11,23,0.3,,,,,,,,
46,09/08/2016,2,0,,,94,6,7,17,3,0,,
46,09/08/2016,2,1,17,0.7,,,,,,,,
46,09/08/2016,2,2,34,0.8,,,,,,,,
46,09/08/2016,2,3,50,0.8,,,,,,,,
46,09/08/2016,2,4,64,0.8,,,,,,,,
46,09/08/2016,2,5,72,1.1,,,,,,,,
46,09/08/2016,2,6,58,1.2,,,,,,,,
46,09/08/2016,2,7,30,0.4,,,,,,,,
46,09/08/2016,3,0,,,133,67,39,49,7,0,,
46,09/08/2016,3,1,20,1.3,,,,,,,,
46,09/08/2016,3,2,47,1.8,,,,,,,,
46,09/08/2016,3,3,70,1.6,,,,,,,,
46,09/08/2016,3,4,86,1.8,,,,,,,,
46,09/08/2016,3,5,91,1.8,,,,,,,,
46,09/08/2016,3,6,91,2,,,,,,,,
46,09/08/2016,3,7,64,1.6,,,,,,,,
46,09/08/2016,3,8,40,0.6,,,,,,,,
48,09/08/2016,1,0,,,150.0,46,24,26,5.0,2,13:10,eey9
48,09/08/2016,1,1,28.0,2.2,,,,,,,08:32,NoUser
48,09/08/2016,1,2,45.0,2.3,,,,,,,08:33,NoUser
48,09/08/2016,1,3,52.0,2.3,,,,,,,08:33,NoUser
48,09/08/2016,1,4,49.0,2.3,,,,,,,08:34,NoUser
48,09/08/2016,1,5,58.0,2.3,,,,,,,08:34,NoUser
48,09/08/2016,1,6,53.0,2.3,,,,,,,08:34,NoUser
48,09/08/2016,1,7,47.0,2.2,,,,,,,08:35,NoUser
48,09/08/2016,1,8,34.0,1.7,,,,,,,08:35,NoUser
48,09/08/2016,1,9,24.0,0.8,,,,,,,08:35,NoUser
48,09/08/2016,2,0,,,153.0,41,21,21,5.0,2,08:35,NoUser
48,09/08/2016,2,1,23.0,1.0,,,,,,,08:37,NoUser
48,09/08/2016,2,2,34.0,1.4,,,,,,,08:38,NoUser
48,09/08/2016,2,3,50.0,1.6,,,,,,,08:38,NoUser
48,09/08/2016,2,4,54.0,1.9,,,,,,,08:38,NoUser
48,09/08/2016,2,5,63.0,2.0,,,,,,,08:39,NoUser
48,09/08/2016,2,6,64.0,2.0,,,,,,,08:39,NoUser
48,09/08/2016,2,7,64.0,1.8,,,,,,,08:39,NoUser
48,09/08/2016,2,8,57.0,1.7,,,,,,,08:39,NoUser
48,09/08/2016,2,9,45.0,1.3,,,,,,,08:40,NoUser
48,09/08/2016,2,10,27.0,0.9,,,,,,,08:40,NoUser
48,09/08/2016,2,11,8.0,0.2,,,,,,,08:40,NoUser
48,09/08/2016,3,0,,,143.0,56,24,26,5.0,2,08:41,NoUser
48,09/08/2016,3,1,30.0,1.3,,,,,,,08:43,NoUser
48,09/08/2016,3,2,40.0,1.6,,,,,,,08:43,NoUser
48,09/08/2016,3,3,43.0,1.7,,,,,,,08:44,NoUser
48,09/08/2016,3,4,51.0,1.9,,,,,,,08:44,NoUser
48,09/08/2016,3,5,57.5,2.0,,,,,,,08:44,NoUser
48,09/08/2016,3,6,65.0,1.8,,,,,,,08:45,NoUser
48,09/08/2016,3,7,64.0,1.8,,,,,,,08:45,NoUser
48,09/08/2016,3,8,59.0,1.6,,,,,,,08:46,NoUser
48,09/08/2016,3,9,41.0,1.4,,,,,,,08:46,NoUser
48,09/08/2016,3,10,23.0,0.9,,,,,,,08:46,NoUser
48,09/08/2016,3,11,9.5,0.4,,,,,,,08:47,NoUser
50,09/08/2016,1,0,,,157.0,74,33,28,6.0,2,11:43,eey9
50,09/08/2016,1,1,40.0,2.0,,,,,,,12:55,eey9
50,09/08/2016,1,2,52.0,2.2,,,,,,,12:56,eey9
50,09/08/2016,1,3,57.0,2.2,,,,,,,12:56,eey9
50,09/08/2016,1,4,57.0,2.2,,,,,,,12:57,eey9
50,09/08/2016,1,5,60.0,2.3,,,,,,,12:57,eey9
50,09/08/2016,1,6,56.0,2.1,,,,,,,12:57,eey9
50,09/08/2016,1,7,49.0,1.9,,,,,,,12:57,eey9
50,09/08/2016,1,8,37.0,1.7,,,,,,,12:58,eey9
50,09/08/2016,1,9,25.0,1.2,,,,,,,12:58,eey9
50,09/08/2016,1,10,9.0,0.5,,,,,,,12:58,eey9
50,09/08/2016,2,0,,,134.0,37,27,21,4.0,2,12:59,eey9
50,09/08/2016,2,1,25.0,1.6,,,,,,,13:01,eey9
50,09/08/2016,2,2,38.0,1.9,,,,,,,13:01,eey9
50,09/08/2016,2,3,41.0,1.9,,,,,,,13:02,eey9
50,09/08/2016,2,4,45.0,1.9,,,,,,,13:02,eey9
50,09/08/2016,2,5,53.0,1.9,,,,,,,13:02,eey9
50,09/08/2016,2,6,52.0,1.8,,,,,,,13:03,eey9
50,09/08/2016,2,7,42.0,1.5,,,,,,,13:03,eey9
50,09/08/2016,2,8,31.0,1.3,,,,,,,13:03,eey9
50,09/08/2016,2,9,10.5,0.3,,,,,,,13:03,eey9
50,09/08/2016,3,0,,,148.0,90,34,30,5.0,2,13:04,eey9
50,09/08/2016,3,1,23.0,1.6,,,,,,,13:06,eey9
50,09/08/2016,3,2,32.0,1.8,,,,,,,13:07,eey9
50,09/08/2016,3,3,47.0,1.8,,,,,,,13:08,eey9
50,09/08/2016,3,4,53.0,1.8,,,,,,,13:08,eey9
50,09/08/2016,3,5,59.0,2.0,,,,,,,13:08,eey9
50,09/08/2016,3,6,55.0,2.0,,,,,,,13:09,eey9
50,09/08/2016,3,7,62.0,1.9,,,,,,,13:09,eey9
50,09/08/2016,3,8,44.0,1.8,,,,,,,13:09,eey9
50,09/08/2016,3,9,28.0,1.2,,,,,,,13:09,eey9
50,09/08/2016,3,10,15.0,0.6,,,,,,,13:10,eey9
51,09/08/2016,1,0,,,247.0,21,66,75,10.0,0,09:45,eey9
51,09/08/2016,1,1,62.0,2.2,,,,,,,09:50,eey9
51,09/08/2016,1,2,73.0,3.6,,,,,,,09:51,eey9
51,09/08/2016,1,3,76.0,3.3,,,,,,,09:51,eey9
51,09/08/2016,1,4,63.0,2.5,,,,,,,09:52,eey9
51,09/08/2016,1,5,56.0,1.9,,,,,,,09:52,eey9
51,09/08/2016,1,6,78.0,3.7,,,,,,,09:53,eey9
51,09/08/2016,1,7,83.0,3.4,,,,,,,09:54,eey9
51,09/08/2016,1,8,80.0,3.6,,,,,,,09:54,eey9
51,09/08/2016,1,9,73.0,3.8,,,,,,,09:55,eey9
51,09/08/2016,1,10,49.0,3.2,,,,,,,09:56,eey9
51,09/08/2016,2,0,,,260.0,24,44,59,10.0,0,09:56,eey9
51,09/08/2016,2,1,64.0,2.8,,,,,,,09:59,eey9
51,09/08/2016,2,2,70.0,3.0,,,,,,,10:00,eey9
51,09/08/2016,2,3,66.0,3.1,,,,,,,10:00,eey9
51,09/08/2016,2,4,69.0,3.3,,,,,,,10:01,eey9
51,09/08/2016,2,5,70.0,2.6,,,,,,,10:01,eey9
51,09/08/2016,2,6,76.0,3.5,,,,,,,10:01,eey9
51,09/08/2016,2,7,55.0,3.2,,,,,,,10:02,eey9
51,09/08/2016,2,8,33.0,1.3,,,,,,,10:02,eey9
51,09/08/2016,3,0,,,251.0,19,28,60,9.0,0,10:03,eey9
51,09/08/2016,3,1,55.0,2.5,,,,,,,10:05,eey9
51,09/08/2016,3,2,63.0,3.1,,,,,,,10:06,eey9
51,09/08/2016,3,3,64.0,2.8,,,,,,,10:06,eey9
51,09/08/2016,3,4,77.0,3.2,,,,,,,10:06,eey9
51,09/08/2016,3,5,72.0,3.2,,,,,,,10:07,eey9
51,09/08/2016,3,6,74.0,3.2,,,,,,,10:07,eey9
51,09/08/2016,3,7,69.0,3.2,,,,,,,10:07,eey9
51,09/08/2016,3,8,73.0,3.2,,,,,,,10:08,eey9
51,09/08/2016,3,9,75.0,3.2,,,,,,,10:09,eey9
51,09/08/2016,3,10,73.0,3.2,,,,,,,10:09,eey9
51,09/08/2016,3,11,45.0,2.4,,,,,,,10:10,eey9
53,09/08/2016,1,0,,,131.0,33,36,27,5.0,0,09:46,NoUser
53,09/08/2016,1,1,14.0,1.0,,,,,,,09:48,NoUser
53,09/08/2016,1,2,39.0,1.3,,,,,,,09:49,NoUser
53,09/08/2016,1,3,60.0,1.3,,,,,,,09:49,NoUser
53,09/08/2016,1,4,82.0,1.3,,,,,,,09:50,NoUser
53,09/08/2016,1,5,91.0,1.5,,,,,,,09:50,NoUser
53,09/08/2016,1,6,98.0,1.5,,,,,,,09:50,NoUser
53,09/08/2016,1,7,83.0,1.8,,,,,,,09:51,NoUser
53,09/08/2016,1,8,44.0,1.4,,,,,,,09:51,NoUser
53,09/08/2016,1,9,26.0,0.1,,,,,,,09:51,NoUser
53,09/08/2016,2,0,,,133.0,52,42,43,6.0,0,09:52,NoUser
53,09/08/2016,2,1,10.0,1.0,,,,,,,09:54,NoUser
53,09/08/2016,2,2,28.0,1.4,,,,,,,09:54,NoUser
53,09/08/2016,2,3,51.0,1.6,,,,,,,09:55,NoUser
53,09/08/2016,2,4,72.0,1.7,,,,,,,09:55,NoUser
53,09/08/2016,2,5,86.0,1.6,,,,,,,09:55,NoUser
53,09/08/2016,2,6,94.0,1.9,,,,,,,09:56,NoUser
53,09/08/2016,2,7,82.0,2.0,,,,,,,09:56,NoUser
53,09/08/2016,2,8,61.0,1.7,,,,,,,09:56,NoUser
53,09/08/2016,2,9,34.0,1.0,,,,,,,09:57,NoUser
53,09/08/2016,3,0,,,133.0,46,39,40,6.0,0,09:57,NoUser
53,09/08/2016,3,1,4.0,0.7,,,,,,,09:59,NoUser
53,09/08/2016,3,2,26.0,1.0,,,,,,,10:00,NoUser
53,09/08/2016,3,3,44.0,1.3,,,,,,,10:01,NoUser
53,09/08/2016,3,4,58.0,1.3,,,,,,,10:01,NoUser
53,09/08/2016,3,5,72.0,1.3,,,,,,,10:01,NoUser
53,09/08/2016,3,6,81.0,1.4,,,,,,,10:01,NoUser
53,09/08/2016,3,7,84.0,1.4,,,,,,,10:02,NoUser
53,09/08/2016,3,8,59.0,1.4,,,,,,,10:02,NoUser
53,09/08/2016,3,9,33.0,0.7,,,,,,,10:02,NoUser
56,09/08/2016,1,0,,,230.0,18,41,45,10.0,0,08:47,NoUser
56,09/08/2016,1,1,46.0,2.5,,,,,,,08:50,NoUser
56,09/08/2016,1,2,53.0,2.8,,,,,,,08:51,NoUser
56,09/08/2016,1,3,69.0,2.8,,,,,,,08:51,NoUser
56,09/08/2016,1,4,72.0,0.9,,,,,,,08:51,NoUser
56,09/08/2016,1,5,88.0,2.7,,,,,,,08:52,NoUser
56,09/08/2016,1,6,84.0,2.5,,,,,,,08:52,NoUser
56,09/08/2016,1,7,85.0,2.5,,,,,,,08:53,NoUser
56,09/08/2016,1,8,86.0,2.6,,,,,,,08:53,NoUser
56,09/08/2016,1,9,94.0,2.9,,,,,,,08:53,NoUser
56,09/08/2016,1,10,72.0,2.7,,,,,,,08:54,NoUser
56,09/08/2016,1,11,52.0,2.6,,,,,,,08:54,NoUser
56,09/08/2016,2,0,,,234.0,13,33,26,11.0,0,08:55,NoUser
56,09/08/2016,2,1,59.0,2.9,,,,,,,08:57,NoUser
56,09/08/2016,2,2,69.0,2.8,,,,,,,08:58,NoUser
56,09/08/2016,2,3,74.0,2.9,,,,,,,08:58,NoUser
56,09/08/2016,2,4,80.0,2.9,,,,,,,08:58,NoUser
56,09/08/2016,2,5,85.0,2.7,,,,,,,08:58,NoUser
56,09/08/2016,2,6,92.0,2.6,,,,,,,08:59,NoUser
56,09/08/2016,2,7,93.0,2.7,,,,,,,08:59,NoUser
56,09/08/2016,2,8,60.0,2.9,,,,,,,08:59,NoUser
56,09/08/2016,2,9,90.0,3.1,,,,,,,09:00,NoUser
56,09/08/2016,2,10,70.0,3.2,,,,,,,09:00,NoUser
56,09/08/2016,2,11,52.0,2.5,,,,,,,09:01,NoUser
56,09/08/2016,3,0,,,224.0,23,65,58,11.0,0,09:01,NoUser
56,09/08/2016,3,1,57.0,2.8,,,,,,,09:04,NoUser
56,09/08/2016,3,2,64.0,3.2,,,,,,,09:05,NoUser
56,09/08/2016,3,3,79.0,3.2,,,,,,,09:05,NoUser
56,09/08/2016,3,4,85.0,2.8,,,,,,,09:05,NoUser
56,09/08/2016,3,5,95.0,2.5,,,,,,,09:06,NoUser
56,09/08/2016,3,6,86.0,2.7,,,,,,,09:06,NoUser
56,09/08/2016,3,7,84.0,2.9,,,,,,,09:06,NoUser
56,09/08/2016,3,8,88.0,3.1,,,,,,,09:07,NoUser
56,09/08/2016,3,9,75.0,2.9,,,,,,,09:07,NoUser
56,09/08/2016,3,10,53.0,2.8,,,,,,,09:07,NoUser
56,09/08/2016,3,11,28.0,0.7,,,,,,,09:08,NoUser
57,09/08/2016,1,0,,,140.0,41,26,31,6.0,0,09:08,NoUser
57,09/08/2016,1,1,25.0,1.3,,,,,,,09:11,NoUser
57,09/08/2016,1,2,43.0,1.3,,,,,,,09:11,NoUser
57,09/08/2016,1,3,63.0,1.3,,,,,,,09:12,NoUser
57,09/08/2016,1,4,75.0,1.5,,,,,,,09:12,NoUser
57,09/08/2016,1,5,80.0,1.5,,,,,,,09:13,NoUser
57,09/08/2016,1,6,84.0,1.7,,,,,,,09:13,NoUser
57,09/08/2016,1,7,68.0,1.6,,,,,,,09:13,NoUser
57,09/08/2016,1,8,46.0,1.2,,,,,,,09:14,NoUser
57,09/08/2016,2,0,,,125.0,33,25,38,5.0,0,09:14,NoUser
57,09/08/2016,2,1,39.0,1.3,,,,,,,09:16,NoUser
57,09/08/2016,2,2,49.0,1.4,,,,,,,09:17,NoUser
57,09/08/2016,2,3,60.0,1.4,,,,,,,09:17,NoUser
57,09/08/2016,2,4,69.0,1.4,,,,,,,09:18,NoUser
57,09/08/2016,2,5,74.0,1.6,,,,,,,09:18,NoUser
57,09/08/2016,2,6,83.0,1.8,,,,,,,09:18,NoUser
57,09/08/2016,2,7,70.0,1.6,,,,,,,09:19,NoUser
57,09/08/2016,2,8,38.0,1.1,,,,,,,09:19,NoUser
57,09/08/2016,3,0,,,114.0,31,38,36,5.0,0,09:19,NoUser
57,09/08/2016,3,1,12.0,1.0,,,,,,,09:21,NoUser
57,09/08/2016,3,2,31.0,1.0,,,,,,,09:21,NoUser
57,09/08/2016,3,3,53.0,1.1,,,,,,,09:21,NoUser
57,09/08/2016,3,4,64.0,1.2,,,,,,,09:22,NoUser
57,09/08/2016,3,5,80.0,1.3,,,,,,,09:22,NoUser
57,09/08/2016,3,6,80.0,1.5,,,,,,,09:22,NoUser
57,09/08/2016,3,7,79.0,1.7,,,,,,,09:23,NoUser
57,09/08/2016,3,8,45.0,1.3,,,,,,,09:23,NoUser
57,09/08/2016,3,9,15.2,0.2,,,,,,,09:23,NoUser
58,09/08/2016,1,0,,,255.0,18,5,56,10.0,0,10:11,eey9
58,09/08/2016,1,1,70.0,3.9,,,,,,,10:15,eey9
58,09/08/2016,1,2,77.0,3.3,,,,,,,10:15,eey9
58,09/08/2016,1,3,76.0,2.5,,,,,,,10:16,eey9
58,09/08/2016,1,4,84.0,2.6,,,,,,,10:17,eey9
58,09/08/2016,1,5,62.0,2.8,,,,,,,10:17,eey9
58,09/08/2016,1,6,77.0,3.3,,,,,,,10:17,eey9
58,09/08/2016,1,7,71.0,2.3,,,,,,,10:18,eey9
58,09/08/2016,1,8,75.0,3.4,,,,,,,10:18,eey9
58,09/08/2016,1,9,80.0,3.8,,,,,,,10:19,eey9
58,09/08/2016,1,10,52.0,1.6,,,,,,,10:19,eey9
58,09/08/2016,2,0,,,250.0,9,30,47,9.0,0,10:20,eey9
58,09/08/2016,2,1,62.0,3.2,,,,,,,10:22,eey9
58,09/08/2016,2,2,67.0,3.2,,,,,,,10:23,eey9
58,09/08/2016,2,3,77.0,2.9,,,,,,,10:23,eey9
58,09/08/2016,2,4,66.0,2.6,,,,,,,10:24,eey9
58,09/08/2016,2,5,76.0,3.0,,,,,,,10:24,eey9
58,09/08/2016,2,6,77.0,2.7,,,,,,,10:24,eey9
58,09/08/2016,2,7,76.0,3.0,,,,,,,10:25,eey9
58,09/08/2016,2,8,73.0,3.3,,,,,,,10:25,eey9
58,09/08/2016,2,9,65.0,3.4,,,,,,,10:26,eey9
58,09/08/2016,2,10,44.0,1.4,,,,,,,10:26,eey9
58,09/08/2016,3,0,,,260.0,9,63,50,11.0,0,10:26,eey9
58,09/08/2016,3,1,55.0,3.8,,,,,,,10:28,eey9
58,09/08/2016,3,2,67.0,3.2,,,,,,,10:29,eey9
58,09/08/2016,3,3,71.0,2.8,,,,,,,10:29,eey9
58,09/08/2016,3,4,75.0,3.0,,,,,,,10:30,eey9
58,09/08/2016,3,5,73.0,2.6,,,,,,,10:30,eey9
58,09/08/2016,3,6,80.0,3.7,,,,,,,10:31,eey9
58,09/08/2016,3,7,84.0,3.7,,,,,,,10:32,eey9
58,09/08/2016,3,8,75.0,3.3,,,,,,,10:32,eey9
58,09/08/2016,3,9,53.0,2.5,,,,,,,10:33,eey9
61,09/08/2016,1,0,,,143.0,62,25,27,5.0,2,09:24,NoUser
61,09/08/2016,1,1,18.0,1.3,,,,,,,09:28,NoUser
61,09/08/2016,1,2,35.0,1.4,,,,,,,09:28,NoUser
61,09/08/2016,1,3,43.0,1.6,,,,,,,09:29,NoUser
61,09/08/2016,1,4,53.0,1.7,,,,,,,09:29,NoUser
61,09/08/2016,1,5,57.0,1.7,,,,,,,09:29,NoUser
61,09/08/2016,1,6,59.0,1.8,,,,,,,09:30,NoUser
61,09/08/2016,1,7,60.0,1.7,,,,,,,09:30,NoUser
61,09/08/2016,1,8,45.0,1.6,,,,,,,09:30,NoUser
61,09/08/2016,1,9,34.0,1.3,,,,,,,09:30,NoUser
61,09/08/2016,1,10,18.0,0.7,,,,,,,09:31,NoUser
61,09/08/2016,1,11,4.5,0.1,,,,,,,09:31,NoUser
61,09/08/2016,2,0,,,154.0,83,31,19,5.0,2,09:31,NoUser
61,09/08/2016,2,1,22.0,1.7,,,,,,,09:34,NoUser
61,09/08/2016,2,2,41.0,1.8,,,,,,,09:34,NoUser
61,09/08/2016,2,3,51.0,1.8,,,,,,,09:34,NoUser
61,09/08/2016,2,4,63.0,1.8,,,,,,,09:35,NoUser
61,09/08/2016,2,5,63.0,2.0,,,,,,,09:35,NoUser
61,09/08/2016,2,6,66.0,2.0,,,,,,,09:35,NoUser
61,09/08/2016,2,7,59.0,1.9,,,,,,,09:36,NoUser
61,09/08/2016,2,8,51.0,1.6,,,,,,,09:36,NoUser
61,09/08/2016,2,9,35.0,1.3,,,,,,,09:36,NoUser
61,09/08/2016,2,10,25.0,0.8,,,,,,,09:37,NoUser
61,09/08/2016,3,0,,,152.0,60,24,28,5.0,2,09:41,NoUser
61,09/08/2016,3,1,20.0,1.7,,,,,,,09:42,NoUser
61,09/08/2016,3,2,40.0,1.8,,,,,,,09:42,NoUser
61,09/08/2016,3,3,47.0,1.7,,,,,,,09:42,NoUser
61,09/08/2016,3,4,66.0,2.0,,,,,,,09:41,NoUser
61,09/08/2016,3,5,67.0,2.1,,,,,,,09:43,NoUser
61,09/08/2016,3,6,65.0,1.8,,,,,,,09:43,NoUser
61,09/08/2016,3,7,59.0,1.6,,,,,,,09:44,NoUser
61,09/08/2016,3,8,37.5,1.3,,,,,,,09:44,NoUser
61,09/08/2016,3,9,18.0,0.6,,,,,,,09:44,NoUser
35,07/09/2016,1,0,,,135,41,30,32,5,3,10:37,eey9
35,07/09/2016,1,1,34,1.5,,,,,,,10:40,eey9
35,07/09/2016,1,2,53,1.6,,,,,,,10:41,eey9
35,07/09/2016,1,3,59,1.7,,,,,,,10:42,eey9
35,07/09/2016,1,4,63,1.7,,,,,,,10:42,eey9
35,07/09/2016,1,5,59,1.6,,,,,,,10:42,eey9
35,07/09/2016,1,6,52,1.6,,,,,,,10:43,eey9
35,07/09/2016,1,7,35,1.5,,,,,,,10:43,eey9
35,07/09/2016,1,8,22,1.1,,,,,,,10:43,eey9
35,07/09/2016,1,9,12,0.7,,,,,,,10:43,eey9
35,07/09/2016,1,10,5,0.2,,,,,,,10:44,eey9
35,07/09/2016,2,0,,,140,20,29,20,5,3,10:44,eey9
35,07/09/2016,2,1,19,1.5,,,,,,,10:45,eey9
35,07/09/2016,2,2,30,1.5,,,,,,,10:46,eey9
35,07/09/2016,2,3,46,1.6,,,,,,,10:46,eey9
35,07/09/2016,2,4,56,1.7,,,,,,,10:47,eey9
35,07/09/2016,2,5,59,1.8,,,,,,,10:47,eey9
35,07/09/2016,2,6,57,1.5,,,,,,,10:47,eey9
35,07/09/2016,2,7,50,1.7,,,,,,,10:48,eey9
35,07/09/2016,2,8,43,1.5,,,,,,,10:48,eey9
35,07/09/2016,2,9,29,1.3,,,,,,,10:49,eey9
35,07/09/2016,2,10,19,0.7,,,,,,,10:49,eey9
35,07/09/2016,3,0,,,155,107,30,35,5,3,10:49,eey9
35,07/09/2016,3,1,46,1.8,,,,,,,10:53,eey9
35,07/09/2016,3,2,49,1.9,,,,,,,10:54,eey9
35,07/09/2016,3,3,55,2,,,,,,,10:54,eey9
35,07/09/2016,3,4,53,2,,,,,,,10:55,eey9
35,07/09/2016,3,5,44,1.8,,,,,,,10:55,eey9
35,07/09/2016,3,6,28,1.3,,,,,,,10:55,eey9
35,07/09/2016,3,7,11,0.4,,,,,,,10:56,eey9
39,07/09/2016,1,0,,,173,76,35,42,5,1,10:34,eey9
39,07/09/2016,1,1,49,1.7,,,,,,,10:37,eey9
39,07/09/2016,1,2,58,1.7,,,,,,,10:38,eey9
39,07/09/2016,1,3,66,1.7,,,,,,,10:38,eey9
39,07/09/2016,1,4,78,1.7,,,,,,,10:39,eey9
39,07/09/2016,1,5,85,1.7,,,,,,,10:39,eey9
39,07/09/2016,1,6,84,1.7,,,,,,,10:40,eey9
39,07/09/2016,1,7,90,1.9,,,,,,,10:40,eey9
39,07/09/2016,1,8,86,1.8,,,,,,,10:41,eey9
39,07/09/2016,1,9,63,1.3,,,,,,,10:41,eey9
39,07/09/2016,1,10,36,0.7,,,,,,,10:42,eey9
39,07/09/2016,2,0,,,170,86,23,38,5,1,10:42,eey9
39,07/09/2016,2,1,60,1.7,,,,,,,10:45,eey9
39,07/09/2016,2,2,88,1.7,,,,,,,10:46,eey9
39,07/09/2016,2,3,87,1.7,,,,,,,10:46,eey9
39,07/09/2016,2,4,102,1.8,,,,,,,10:47,eey9
39,07/09/2016,2,5,101,1.8,,,,,,,10:47,eey9
39,07/09/2016,2,6,97,1.8,,,,,,,10:48,eey9
39,07/09/2016,2,7,85,1.7,,,,,,,10:48,eey9
39,07/09/2016,2,8,59,1.4,,,,,,,10:49,eey9
39,07/09/2016,2,9,29,0.7,,,,,,,10:50,eey9
39,07/09/2016,3,0,,,175,59,44,48,6,2,10:50,eey9
39,07/09/2016,3,1,69,1.6,,,,,,,10:54,eey9
39,07/09/2016,3,2,80,1.6,,,,,,,10:55,eey9
39,07/09/2016,3,3,90,1.6,,,,,,,10:55,eey9
39,07/09/2016,3,4,56,1.5,,,,,,,10:56,eey9
39,07/09/2016,3,5,94,1.8,,,,,,,10:56,eey9
39,07/09/2016,3,6,80,2,,,,,,,10:57,eey9
39,07/09/2016,3,7,75,1.6,,,,,,,10:57,eey9
39,07/09/2016,3,8,56,1.2,,,,,,,10:57,eey9
39,07/09/2016,3,9,24,0.3,,,,,,,10:58,eey9
40,07/09/2016,1,0,,,260,8,62,24,10,0,10:04,eey9
40,07/09/2016,1,1,70,1.2,,,,,,,10:11,eey9
40,07/09/2016,1,2,69,2.2,,,,,,,10:14,eey9
40,07/09/2016,1,3,68,1.7,,,,,,,10:14,eey9
40,07/09/2016,1,4,69,3,,,,,,,10:14,eey9
40,07/09/2016,1,5,72,3.3,,,,,,,10:15,eey9
40,07/09/2016,1,6,74,3.5,,,,,,,10:15,eey9
40,07/09/2016,1,7,75,3.5,,,,,,,10:17,eey9
40,07/09/2016,1,8,66,3.6,,,,,,,10:17,eey9
40,07/09/2016,1,9,49,1.4,,,,,,,10:17,eey9
40,07/09/2016,2,0,,,256,6,26,20,10,0,10:18,eey9
40,07/09/2016,2,1,66,1.8,,,,,,,10:20,eey9
40,07/09/2016,2,2,74,3.2,,,,,,,10:22,eey9
40,07/09/2016,2,3,74,3.2,,,,,,,10:22,eey9
40,07/09/2016,2,4,77,3.3,,,,,,,10:23,eey9
40,07/09/2016,2,5,77,3.5,,,,,,,10:23,eey9
40,07/09/2016,2,6,82,3.2,,,,,,,10:23,eey9
40,07/09/2016,2,7,72,3.1,,,,,,,10:24,eey9
40,07/09/2016,2,8,47,1.3,,,,,,,10:24,eey9
40,07/09/2016,3,0,,,270,16,70,52,8,0,10:25,eey9
40,07/09/2016,3,1,64,3,,,,,,,10:28,eey9
40,07/09/2016,3,2,64,2.2,,,,,,,10:30,eey9
40,07/09/2016,3,3,68,2.7,,,,,,,10:30,eey9
40,07/09/2016,3,4,74,3.5,,,,,,,10:31,eey9
40,07/09/2016,3,5,74,3.2,,,,,,,10:32,eey9
40,07/09/2016,3,6,75,3.2,,,,,,,10:32,eey9
40,07/09/2016,3,7,75,3.2,,,,,,,10:32,eey9
40,07/09/2016,3,8,45,3.1,,,,,,,10:32,eey9
40,07/09/2016,3,9,33,1.1,,,,,,,10:33,eey9
42,07/09/2016,1,0,,,264,33,70,62,11,0,10:58,eey9
42,07/09/2016,1,1,52,2.8,,,,,,,11:08,eey9
42,07/09/2016,1,2,62,2.8,,,,,,,11:09,eey9
42,07/09/2016,1,3,93,2.8,,,,,,,11:09,eey9
42,07/09/2016,1,4,87,2.8,,,,,,,11:09,eey9
42,07/09/2016,1,5,88,3.1,,,,,,,11:09,eey9
42,07/09/2016,1,6,77,2.9,,,,,,,11:10,eey9
42,07/09/2016,1,7,89,2.9,,,,,,,11:11,eey9
42,07/09/2016,1,8,82,3.2,,,,,,,11:11,eey9
42,07/09/2016,1,9,77,3.2,,,,,,,11:12,eey9
42,07/09/2016,1,10,54,2.8,,,,,,,11:12,eey9
42,07/09/2016,1,11,26,0.5,,,,,,,11:13,eey9
42,07/09/2016,2,0,,,266,25,57,53,9,0,11:13,eey9
42,07/09/2016,2,1,43,3,,,,,,,11:16,eey9
42,07/09/2016,2,2,60,2.8,,,,,,,11:17,eey9
42,07/09/2016,2,3,73,2.7,,,,,,,11:17,eey9
42,07/09/2016,2,4,82,2.7,,,,,,,11:17,eey9
42,07/09/2016,2,5,90,2.7,,,,,,,11:18,eey9
42,07/09/2016,2,6,95,2.7,,,,,,,11:18,eey9
42,07/09/2016,2,7,95,2.8,,,,,,,11:18,eey9
42,07/09/2016,2,8,89,2.8,,,,,,,11:19,eey9
42,07/09/2016,2,9,89,2.8,,,,,,,11:19,eey9
42,07/09/2016,2,10,77,2.7,,,,,,,11:20,eey9
42,07/09/2016,2,11,66,2.7,,,,,,,11:20,eey9
42,07/09/2016,3,0,,,270,21,60,65,9,0,11:21,eey9
42,07/09/2016,3,1,59,2.8,,,,,,,11:23,eey9
42,07/09/2016,3,2,69,2.5,,,,,,,11:24,eey9
42,07/09/2016,3,3,92,2.2,,,,,,,11:24,eey9
42,07/09/2016,3,4,95,2.5,,,,,,,11:25,eey9
42,07/09/2016,3,5,79,2,,,,,,,11:26,eey9
42,07/09/2016,3,6,94,2.5,,,,,,,11:26,eey9
42,07/09/2016,3,7,92,2.6,,,,,,,11:26,eey9
42,07/09/2016,3,8,82,2.6,,,,,,,11:26,eey9
42,07/09/2016,3,9,53,2.3,,,,,,,11:27,eey9
42,07/09/2016,3,10,22,0.3,,,,,,,11:27,eey9
44,07/09/2016,1,0,,,255,18,24,69,8,0,10:09,eey9
44,07/09/2016,1,1,57,2,,,,,,,10:16,eey9
44,07/09/2016,1,2,63,1.6,,,,,,,10:18,eey9
44,07/09/2016,1,3,60,1.7,,,,,,,10:18,eey9
44,07/09/2016,1,4,66,2.5,,,,,,,10:19,eey9
44,07/09/2016,1,5,56,2.2,,,,,,,10:20,eey9
44,07/09/2016,1,6,73,2.6,,,,,,,10:20,eey9
44,07/09/2016,1,7,74,3.7,,,,,,,10:21,eey9
44,07/09/2016,1,8,56,3.3,,,,,,,10:21,eey9
44,07/09/2016,1,9,36,0.8,,,,,,,10:22,eey9
44,07/09/2016,2,0,,,245,18,77,66,8,0,10:22,eey9
44,07/09/2016,2,1,70,2.7,,,,,,,10:25,eey9
44,07/09/2016,2,2,62,1.2,,,,,,,10:27,eey9
44,07/09/2016,2,3,74,3,,,,,,,10:27,eey9
44,07/09/2016,2,4,70,2.3,,,,,,,10:27,eey9
44,07/09/2016,2,5,69,2.2,,,,,,,10:28,eey9
44,07/09/2016,2,6,75,1.8,,,,,,,10:28,eey9
44,07/09/2016,2,7,79,2.9,,,,,,,10:28,eey9
44,07/09/2016,2,8,81,2.7,,,,,,,10:29,eey9
44,07/09/2016,2,9,77,3.5,,,,,,,10:29,eey9
44,07/09/2016,2,10,58,2.7,,,,,,,10:30,eey9
44,07/09/2016,2,11,25,0.6,,,,,,,10:30,eey9
44,07/09/2016,3,0,,,265,16,70,60,10,0,10:30,eey9
44,07/09/2016,3,1,69,1.7,,,,,,,10:32,eey9
44,07/09/2016,3,2,68,2.6,,,,,,,10:34,eey9
44,07/09/2016,3,3,62,2.2,,,,,,,10:34,eey9
44,07/09/2016,3,4,72,3.3,,,,,,,10:34,eey9
44,07/09/2016,3,5,76,3.5,,,,,,,10:35,eey9
44,07/09/2016,3,6,77,3.7,,,,,,,10:35,eey9
44,07/09/2016,3,7,75,3.7,,,,,,,10:36,eey9
44,07/09/2016,3,8,52,2.7,,,,,,,10:36,eey9
44,07/09/2016,3,9,14,0.1,,,,,,,10:37,eey9
46,07/09/2016,1,0,,,173,68,39,40,6,1,11:28,eey9
46,07/09/2016,1,1,65,1.3,,,,,,,11:31,eey9
46,07/09/2016,1,2,85,1.3,,,,,,,11:32,eey9
46,07/09/2016,1,3,94,1.4,,,,,,,11:32,eey9
46,07/09/2016,1,4,98,2,,,,,,,11:33,eey9
46,07/09/2016,1,5,90,2,,,,,,,11:33,eey9
46,07/09/2016,1,6,89,1.9,,,,,,,11:34,eey9
46,07/09/2016,1,7,67,1.4,,,,,,,11:34,eey9
46,07/09/2016,1,8,39,0.5,,,,,,,11:35,eey9
46,07/09/2016,2,0,,,87,9,20,16,3,0,11:35,eey9
46,07/09/2016,2,1,14,0.8,,,,,,,11:37,eey9
46,07/09/2016,2,2,31,1,,,,,,,11:37,eey9
46,07/09/2016,2,3,49,0.8,,,,,,,11:37,eey9
46,07/09/2016,2,4,66,0.9,,,,,,,11:38,eey9
46,07/09/2016,2,5,75,1.1,,,,,,,11:38,eey9
46,07/09/2016,2,6,85,1.2,,,,,,,11:39,eey9
46,07/09/2016,2,7,63,1.2,,,,,,,11:39,eey9
46,07/09/2016,2,8,30,0.5,,,,,,,11:40,eey9
46,07/09/2016,3,0,,,172,103,42,49,6,2,11:40,eey9
46,07/09/2016,3,1,45,1.4,,,,,,,11:43,eey9
46,07/09/2016,3,2,68,1.5,,,,,,,11:44,eey9
46,07/09/2016,3,3,80,1.5,,,,,,,11:44,eey9
46,07/09/2016,3,4,91,1.6,,,,,,,11:45,eey9
46,07/09/2016,3,5,92,1.8,,,,,,,11:45,eey9
46,07/09/2016,3,6,96,1.9,,,,,,,11:46,eey9
46,07/09/2016,3,7,82,2.1,,,,,,,11:46,eey9
46,07/09/2016,3,8,72,1.7,,,,,,,11:47,eey9
46,07/09/2016,3,9,48,1.2,,,,,,,11:47,eey9
46,07/09/2016,3,10,8,0.2,,,,,,,11:48,eey9
48,07/09/2016,1,0,,,154,70,36,35,6,3,13:36,eey9
48,07/09/2016,1,1,26,2,,,,,,,13:41,eey9
48,07/09/2016,1,2,50,2,,,,,,,13:42,eey9
48,07/09/2016,1,3,58,2.1,,,,,,,13:42,eey9
48,07/09/2016,1,4,62,2.2,,,,,,,13:42,eey9
48,07/09/2016,1,5,61,2.1,,,,,,,13:42,eey9
48,07/09/2016,1,6,48,1.9,,,,,,,13:43,eey9
48,07/09/2016,1,7,22,1.3,,,,,,,13:43,eey9
48,07/09/2016,2,0,,,160,48,26,33,5,3,13:44,eey9
48,07/09/2016,2,1,43,1.6,,,,,,,13:46,eey9
48,07/09/2016,2,2,57,1.9,,,,,,,13:47,eey9
48,07/09/2016,2,3,53,2,,,,,,,13:47,eey9
48,07/09/2016,2,4,57,2,,,,,,,13:48,eey9
48,07/09/2016,2,5,63,1.9,,,,,,,13:48,eey9
48,07/09/2016,2,6,58,1.9,,,,,,,13:48,eey9
48,07/09/2016,2,7,40,1.5,,,,,,,13:48,eey9
48,07/09/2016,2,8,29,0.8,,,,,,,13:49,eey9
48,07/09/2016,2,9,8,0.3,,,,,,,13:49,eey9
48,07/09/2016,3,0,,,129,61,28,32,4,3,13:50,eey9
48,07/09/2016,3,1,41,1.6,,,,,,,13:52,eey9
48,07/09/2016,3,2,56,1.7,,,,,,,13:53,eey9
48,07/09/2016,3,3,46,2,,,,,,,13:53,eey9
48,07/09/2016,3,4,57,1.8,,,,,,,13:54,eey9
48,07/09/2016,3,5,45,1.5,,,,,,,13:54,eey9
48,07/09/2016,3,6,50,1.6,,,,,,,13:54,eey9
48,07/09/2016,3,7,38,1.5,,,,,,,13:55,eey9
48,07/09/2016,3,8,26,1.2,,,,,,,13:55,eey9
48,07/09/2016,3,9,14,0.7,,,,,,,13:55,eey9
50,07/09/2016,1,0,,,163,93,33,43,6,3,12:12,eey9
50,07/09/2016,1,1,35,1.6,,,,,,,13:20,eey9
50,07/09/2016,1,2,50,2,,,,,,,13:21,eey9
50,07/09/2016,1,3,58,1.9,,,,,,,13:21,eey9
50,07/09/2016,1,4,57,1.8,,,,,,,13:22,eey9
50,07/09/2016,1,5,46,1.6,,,,,,,13:22,eey9
50,07/09/2016,1,7,22,1.2,,,,,,,13:22,eey9
50,07/09/2016,2,0,,,138,37,23,20,4,3,13:23,eey9
50,07/09/2016,2,1,19,1.2,,,,,,,13:26,eey9
50,07/09/2016,2,2,44,1.5,,,,,,,13:26,eey9
50,07/09/2016,2,3,54,1.6,,,,,,,13:27,eey9
50,07/09/2016,2,4,63,1.6,,,,,,,13:27,eey9
50,07/09/2016,2,5,62,1.6,,,,,,,13:28,eey9
50,07/09/2016,2,6,54,1.6,,,,,,,13:28,eey9
50,07/09/2016,2,7,44,1.6,,,,,,,13:28,eey9
50,07/09/2016,2,8,25,1.3,,,,,,,13:28,eey9
50,07/09/2016,2,9,21,1.1,,,,,,,13:29,eey9
50,07/09/2016,2,10,10,0.3,,,,,,,13:29,eey9
50,07/09/2016,3,0,,,150,86,38,36,5,3,13:30,eey9
50,07/09/2016,3,1,30,1,,,,,,,13:33,eey9
50,07/09/2016,3,2,40,2,,,,,,,13:34,eey9
50,07/09/2016,3,3,55,1.9,,,,,,,13:34,eey9
50,07/09/2016,3,4,55,2.1,,,,,,,13:35,eey9
50,07/09/2016,3,5,63,1.9,,,,,,,13:35,eey9
50,07/09/2016,3,6,59,1.8,,,,,,,13:35,eey9
50,07/09/2016,3,7,24,1.2,,,,,,,13:36,eey9
51,07/09/2016,1,0,,,270,14,75,64,10,0,11:48,eey9
51,07/09/2016,1,1,69,2.2,,,,,,,11:52,eey9
51,07/09/2016,1,2,78,1.7,,,,,,,11:53,eey9
51,07/09/2016,1,3,74,2.8,,,,,,,11:54,eey9
51,07/09/2016,1,4,69,2.7,,,,,,,11:54,eey9
51,07/09/2016,1,5,72,3.2,,,,,,,11:54,eey9
51,07/09/2016,1,6,77,3.5,,,,,,,11:55,eey9
51,07/09/2016,1,7,79,3.2,,,,,,,11:55,eey9
51,07/09/2016,1,8,77,3.5,,,,,,,11:56,eey9
51,07/09/2016,1,9,71,3.2,,,,,,,11:56,eey9
51,07/09/2016,1,10,50,1.8,,,,,,,11:57,eey9
51,07/09/2016,2,0,,,262,22,48,63,10,0,11:57,eey9
51,07/09/2016,2,1,70,2,,,,,,,12:00,eey9
51,07/09/2016,2,2,70,3,,,,,,,12:02,eey9
51,07/09/2016,2,3,70,3.6,,,,,,,12:02,eey9
51,07/09/2016,2,4,76,3.5,,,,,,,12:02,eey9
51,07/09/2016,2,5,79,3.6,,,,,,,12:03,eey9
51,07/09/2016,2,6,59,3.2,,,,,,,12:03,eey9
51,07/09/2016,2,7,36,0.3,,,,,,,12:03,eey9
51,07/09/2016,3,0,,,247,18,60,59,9,0,12:04,eey9
51,07/09/2016,3,1,80,3.2,,,,,,,12:07,eey9
51,07/09/2016,3,2,70,3.2,,,,,,,12:09,eey9
51,07/09/2016,3,3,72,3.3,,,,,,,12:09,eey9
51,07/09/2016,3,4,78,3.3,,,,,,,12:09,eey9
51,07/09/2016,3,5,89,3.7,,,,,,,12:10,eey9
51,07/09/2016,3,6,79,4,,,,,,,12:11,eey9
51,07/09/2016,3,7,83,3.9,,,,,,,12:11,eey9
51,07/09/2016,3,8,84,3.8,,,,,,,12:11,eey9
51,07/09/2016,3,9,63,3.2,,,,,,,12:11,eey9
51,07/09/2016,3,10,34,1,,,,,,,12:12,eey9
53,07/09/2016,1,0,,,170,58,29,32,5,1,09:49,eey9
53,07/09/2016,1,1,53,1.2,,,,,,,09:53,eey9
53,07/09/2016,1,2,69,1.3,,,,,,,09:54,eey9
53,07/09/2016,1,3,83,1.3,,,,,,,09:54,eey9
53,07/09/2016,1,4,86,1.4,,,,,,,09:54,eey9
53,07/09/2016,1,5,94,1.5,,,,,,,09:54,eey9
53,07/09/2016,1,6,85,1.6,,,,,,,09:55,eey9
53,07/09/2016,1,7,74,1.5,,,,,,,09:55,eey9
53,07/09/2016,1,8,53,1.3,,,,,,,09:56,eey9
53,07/09/2016,1,9,25,0.2,,,,,,,09:56,eey9
53,07/09/2016,2,0,,,173,74,28,45,6,1,09:56,eey9
53,07/09/2016,2,1,62,1.4,,,,,,,09:59,eey9
53,07/09/2016,2,2,83,1.4,,,,,,,10:00,eey9
53,07/09/2016,2,3,90,1.4,,,,,,,10:00,eey9
53,07/09/2016,2,4,95,1.7,,,,,,,10:01,eey9
53,07/09/2016,2,5,95,2,,,,,,,10:01,eey9
53,07/09/2016,2,6,92,1.9,,,,,,,10:01,eey9
53,07/09/2016,2,7,74,1.6,,,,,,,10:02,eey9
53,07/09/2016,2,8,43,0.7,,,,,,,10:02,eey9
53,07/09/2016,3,0,,,162,60,42,40,5,1,10:02,eey9
53,07/09/2016,3,1,40,1.4,,,,,,,10:06,eey9
53,07/09/2016,3,2,67,1.4,,,,,,,10:07,eey9
53,07/09/2016,3,3,88,1.3,,,,,,,10:07,eey9
53,07/09/2016,3,4,93,1.3,,,,,,,10:07,eey9
53,07/09/2016,3,5,94,1.7,,,,,,,10:07,eey9
53,07/09/2016,3,6,98,1.8,,,,,,,10:08,eey9
53,07/09/2016,3,7,96,2,,,,,,,10:08,eey9
53,07/09/2016,3,8,86,1.8,,,,,,,10:09,eey9
53,07/09/2016,3,9,65,1.3,,,,,,,10:09,eey9
53,07/09/2016,3,10,32,0.3,,,,,,,10:09,eey9
56,07/09/2016,1,0,,,260,22,56,52,9,0,13:55,eey9
56,07/09/2016,1,1,35,1.9,,,,,,,13:59,eey9
56,07/09/2016,1,2,65,2.2,,,,,,,14:00,eey9
56,07/09/2016,1,3,89,2.4,,,,,,,14:01,eey9
56,07/09/2016,1,4,85,2.8,,,,,,,14:01,eey9
56,07/09/2016,1,5,86,2.7,,,,,,,14:02,eey9
56,07/09/2016,1,6,56,2.7,,,,,,,14:02,eey9
56,07/09/2016,1,7,37,0.8,,,,,,,14:02,eey9
56,07/09/2016,2,0,,,276,21,50,60,8,0,14:03,eey9
56,07/09/2016,2,1,42,2.2,,,,,,,14:06,eey9
56,07/09/2016,2,2,56,2.3,,,,,,,14:06,eey9
56,07/09/2016,2,3,79,2.3,,,,,,,14:06,eey9
56,07/09/2016,2,4,84,2.3,,,,,,,14:07,eey9
56,07/09/2016,2,5,89,2.2,,,,,,,14:07,eey9
56,07/09/2016,2,6,89,2.3,,,,,,,14:08,eey9
56,07/09/2016,2,7,91,2.3,,,,,,,14:08,eey9
56,07/09/2016,2,8,95,2.5,,,,,,,14:08,eey9
56,07/09/2016,2,9,67,2.4,,,,,,,14:09,eey9
56,07/09/2016,2,10,40,1.2,,,,,,,14:09,eey9
56,07/09/2016,3,0,,,273,26,66,67,10,0,14:09,eey9
56,07/09/2016,3,1,69,2.9,,,,,,,14:13,eey9
56,07/09/2016,3,2,71,2.8,,,,,,,14:14,eey9
56,07/09/2016,3,3,81,2.9,,,,,,,14:14,eey9
56,07/09/2016,3,4,81,2.9,,,,,,,14:15,eey9
56,07/09/2016,3,5,88,2.8,,,,,,,14:15,eey9
56,07/09/2016,3,6,90,3.1,,,,,,,14:16,eey9
56,07/09/2016,3,7,86,3.2,,,,,,,14:16,eey9
56,07/09/2016,3,8,87,3,,,,,,,14:16,eey9
56,07/09/2016,3,9,84,3.2,,,,,,,14:16,eey9
56,07/09/2016,3,10,92,3.2,,,,,,,14:18,eey9
56,07/09/2016,3,11,68,3.2,,,,,,,14:18,eey9
56,07/09/2016,3,12,42,2,,,,,,,14:19,eey9
57,07/09/2016,1,0,,,165,42,34,32,5,1,14:20,eey9
57,07/09/2016,1,1,52,1.2,,,,,,,14:22,eey9
57,07/09/2016,1,2,67,1.2,,,,,,,14:23,eey9
57,07/09/2016,1,3,80,1.3,,,,,,,14:23,eey9
57,07/09/2016,1,4,83,1.3,,,,,,,14:24,eey9
57,07/09/2016,1,5,92,1.4,,,,,,,14:24,eey9
57,07/09/2016,1,6,98,1.4,,,,,,,14:25,eey9
57,07/09/2016,1,7,89,1.6,,,,,,,14:25,eey9
57,07/09/2016,1,8,66,1.4,,,,,,,14:26,eey9
57,07/09/2016,1,9,39,0.5,,,,,,,14:26,eey9
57,07/09/2016,2,0,,,163,45,29,46,5,1,14:26,eey9
57,07/09/2016,2,1,30,1.3,,,,,,,14:29,eey9
57,07/09/2016,2,2,54,1.3,,,,,,,14:29,eey9
57,07/09/2016,2,3,79,1.3,,,,,,,14:29,eey9
57,07/09/2016,2,4,79,1.5,,,,,,,14:30,eey9
57,07/09/2016,2,5,78,1.7,,,,,,,14:30,eey9
57,07/09/2016,2,6,88,1.8,,,,,,,14:31,eey9
57,07/09/2016,2,7,76,1.7,,,,,,,14:31,eey9
57,07/09/2016,2,8,66,1.3,,,,,,,14:32,eey9
57,07/09/2016,2,9,45,1,,,,,,,14:32,eey9
57,07/09/2016,3,0,,,140,36,40,37,3,0,14:32,eey9
57,07/09/2016,3,1,45,1.1,,,,,,,14:35,eey9
57,07/09/2016,3,2,68,1.2,,,,,,,14:35,eey9
57,07/09/2016,3,3,78,1.3,,,,,,,14:36,eey9
57,07/09/2016,3,4,78,1.4,,,,,,,14:36,eey9
57,07/09/2016,3,5,79,1.3,,,,,,,14:36,eey9
57,07/09/2016,3,6,59,1.2,,,,,,,14:37,eey9
57,07/09/2016,3,7,22,0.3,,,,,,,14:37,eey9
58,07/09/2016,1,0,,,282,15,60,55,10,0,14:38,eey9
58,07/09/2016,1,1,69,1.3,,,,,,,14:41,eey9
58,07/09/2016,1,2,73,2,,,,,,,14:43,eey9
58,07/09/2016,1,3,73,2.9,,,,,,,14:43,eey9
58,07/09/2016,1,4,24,2.4,,,,,,,14:45,eey9
58,07/09/2016,1,5,75,4,,,,,,,14:46,eey9
58,07/09/2016,1,6,82,2.8,,,,,,,14:46,eey9
58,07/09/2016,1,7,82,4.2,,,,,,,14:47,eey9
58,07/09/2016,1,8,77,4,,,,,,,14:47,eey9
58,07/09/2016,1,9,77,4,,,,,,,14:47,eey9
58,07/09/2016,1,10,43,2.6,,,,,,,14:47,eey9
58,07/09/2016,2,0,,,290,11,45,30,10,0,14:48,eey9
58,07/09/2016,2,1,55,2.5,,,,,,,14:50,eey9
58,07/09/2016,2,2,75,3.2,,,,,,,14:51,eey9
58,07/09/2016,2,3,73,2.8,,,,,,,14:52,eey9
58,07/09/2016,2,4,73,3.8,,,,,,,14:52,eey9
58,07/09/2016,2,5,76,3.5,,,,,,,14:52,eey9
58,07/09/2016,2,6,77,3.8,,,,,,,14:53,eey9
58,07/09/2016,2,7,80,3.8,,,,,,,14:53,eey9
58,07/09/2016,2,8,71,3.8,,,,,,,14:54,eey9
58,07/09/2016,2,9,64,3.8,,,,,,,14:54,eey9
58,07/09/2016,2,10,47,1.3,,,,,,,14:55,eey9
58,07/09/2016,3,0,,,270,9,56,53,9,0,14:56,eey9
58,07/09/2016,3,1,65,1.8,,,,,,,14:58,eey9
58,07/09/2016,3,2,69,2.4,,,,,,,15:00,eey9
58,07/09/2016,3,3,71,1,,,,,,,15:00,eey9
58,07/09/2016,3,4,76,2,,,,,,,15:00,eey9
58,07/09/2016,3,5,70,2.7,,,,,,,15:01,eey9
58,07/09/2016,3,6,81,3.8,,,,,,,15:01,eey9
58,07/09/2016,3,7,75,3.8,,,,,,,15:02,eey9
58,07/09/2016,3,8,78,4.2,,,,,,,15:02,eey9
58,07/09/2016,3,9,61,3.8,,,,,,,15:03,eey9
58,07/09/2016,3,10,39,1.2,,,,,,,15:03,eey9
61,07/09/2016,1,0,,,140,62,27,27,5,3,09:29,eey9
61,07/09/2016,1,1,40,1.5,,,,,,,09:32,eey9
61,07/09/2016,1,2,51,1.7,,,,,,,09:34,eey9
61,07/09/2016,1,3,54,1.7,,,,,,,09:34,eey9
61,07/09/2016,1,4,57,1.8,,,,,,,09:34,eey9
61,07/09/2016,1,5,56,1.7,,,,,,,09:34,eey9
61,07/09/2016,1,6,45,1.4,,,,,,,09:35,eey9
61,07/09/2016,1,7,33,1.3,,,,,,,09:35,eey9
61,07/09/2016,1,8,16,0.7,,,,,,,09:35,eey9
61,07/09/2016,2,0,,,162,99,26,32,6,3,09:36,eey9
61,07/09/2016,2,1,40,1.3,,,,,,,09:38,eey9
61,07/09/2016,2,2,50,1.7,,,,,,,09:41,eey9
61,07/09/2016,2,3,55,1.8,,,,,,,09:42,eey9
61,07/09/2016,2,4,59,1.9,,,,,,,09:42,eey9
61,07/09/2016,2,5,59,1.9,,,,,,,09:42,eey9
61,07/09/2016,2,6,50,1.5,,,,,,,09:43,eey9
61,07/09/2016,2,7,46,1.5,,,,,,,09:43,eey9
61,07/09/2016,2,8,26,1.1,,,,,,,09:43,eey9
61,07/09/2016,3,0,,,156,67,42,28,5,3,09:44,eey9
61,07/09/2016,3,1,40,1.8,,,,,,,09:46,eey9
61,07/09/2016,3,2,45,2,,,,,,,09:47,eey9
61,07/09/2016,3,3,60,2.1,,,,,,,09:47,eey9
61,07/09/2016,3,4,65,2.1,,,,,,,09:47,eey9
61,07/09/2016,3,5,64,2.1,,,,,,,09:47,eey9
61,07/09/2016,3,6,50,1.6,,,,,,,09:48,eey9
61,07/09/2016,3,7,32,1.3,,,,,,,09:48,eey9
61,07/09/2016,3,8,19,0.7,,,,,,,09:48,eey9
35,04/10/2016,1,0,,,140.0,37,29,30,5.0,5,09:40,eey9
35,04/10/2016,1,1,42.0,1.8,,,,,,,09:41,eey9
35,04/10/2016,1,2,47.0,2.0,,,,,,,09:41,eey9
35,04/10/2016,1,3,58.0,2.4,,,,,,,09:41,eey9
35,04/10/2016,1,4,57.0,2.1,,,,,,,09:42,eey9
35,04/10/2016,1,5,54.0,1.8,,,,,,,09:42,eey9
35,04/10/2016,1,6,41.0,1.6,,,,,,,09:42,eey9
35,04/10/2016,1,7,22.0,0.9,,,,,,,09:43,eey9
35,04/10/2016,2,0,,,131.0,20,17,29,4.0,5,09:43,eey9
35,04/10/2016,2,1,45.0,1.6,,,,,,,09:45,eey9
35,04/10/2016,2,2,46.0,1.7,,,,,,,09:45,eey9
35,04/10/2016,2,3,55.0,1.7,,,,,,,09:45,eey9
35,04/10/2016,2,4,45.0,1.6,,,,,,,09:46,eey9
35,04/10/2016,2,5,50.0,1.7,,,,,,,09:46,eey9
35,04/10/2016,2,6,38.0,1.4,,,,,,,09:46,eey9
35,04/10/2016,2,7,27.0,1.2,,,,,,,09:47,eey9
35,04/10/2016,2,8,16.0,0.7,,,,,,,09:47,eey9
35,04/10/2016,3,0,,,152.0,81,35,30,5.0,5,09:47,eey9
35,04/10/2016,3,1,34.0,1.3,,,,,,,09:50,eey9
35,04/10/2016,3,2,49.0,1.7,,,,,,,09:51,eey9
35,04/10/2016,3,3,56.0,2.0,,,,,,,09:51,eey9
35,04/10/2016,3,4,53.0,1.7,,,,,,,09:51,eey9
35,04/10/2016,3,5,46.0,1.5,,,,,,,09:51,eey9
35,04/10/2016,3,6,31.0,1.3,,,,,,,09:51,eey9
35,04/10/2016,3,7,17.0,0.7,,,,,,,09:52,eey9
39,04/10/2016,1,0,,,173.0,54,36,27,5.0,3,09:49,eey9
39,04/10/2016,1,1,62.0,1.2,,,,,,,09:52,eey9
39,04/10/2016,1,2,89.0,1.2,,,,,,,09:54,eey9
39,04/10/2016,1,3,72.0,1.6,,,,,,,09:54,eey9
39,04/10/2016,1,4,91.0,1.9,,,,,,,09:54,eey9
39,04/10/2016,1,5,92.0,1.9,,,,,,,09:54,eey9
39,04/10/2016,1,6,82.0,1.9,,,,,,,09:55,eey9
39,04/10/2016,1,7,63.0,1.4,,,,,,,09:55,eey9
39,04/10/2016,1,8,29.0,0.6,,,,,,,09:55,eey9
39,04/10/2016,2,0,,,152.0,75,37,39,5.0,3,09:55,eey9
39,04/10/2016,2,1,67.0,1.7,,,,,,,09:58,eey9
39,04/10/2016,2,2,73.0,1.7,,,,,,,09:58,eey9
39,04/10/2016,2,3,80.0,1.7,,,,,,,09:59,eey9
39,04/10/2016,2,4,81.0,1.7,,,,,,,09:59,eey9
39,04/10/2016,2,5,70.0,1.8,,,,,,,09:59,eey9
39,04/10/2016,2,6,77.0,1.7,,,,,,,09:59,eey9
39,04/10/2016,2,7,56.0,1.1,,,,,,,10:00,eey9
39,04/10/2016,3,0,,,170.0,45,46,48,6.0,3,10:02,eey9
39,04/10/2016,3,1,65.0,1.8,,,,,,,10:03,eey9
39,04/10/2016,3,2,77.0,1.8,,,,,,,10:04,eey9
39,04/10/2016,3,3,79.0,1.7,,,,,,,10:04,eey9
39,04/10/2016,3,4,87.0,1.8,,,,,,,10:04,eey9
39,04/10/2016,3,5,76.0,1.8,,,,,,,10:04,eey9
39,04/10/2016,3,6,54.0,1.4,,,,,,,10:05,eey9
39,04/10/2016,3,7,32.0,0.6,,,,,,,10:05,eey9
40,04/10/2016,1,0,,,275.0,9,45,60,8.0,0,09:27,eey9
40,04/10/2016,1,1,64.0,0.9,,,,,,,09:29,eey9
40,04/10/2016,1,2,56.0,1.3,,,,,,,09:32,eey9
40,04/10/2016,1,3,63.0,1.6,,,,,,,09:32,eey9
40,04/10/2016,1,4,68.0,2.3,,,,,,,09:32,eey9
40,04/10/2016,1,5,69.0,2.6,,,,,,,09:33,eey9
40,04/10/2016,1,6,68.0,3.3,,,,,,,09:33,eey9
40,04/10/2016,1,7,69.0,3.0,,,,,,,09:33,eey9
40,04/10/2016,1,8,75.0,3.4,,,,,,,09:34,eey9
40,04/10/2016,1,9,76.0,3.4,,,,,,,09:34,eey9
40,04/10/2016,1,10,63.0,3.5,,,,,,,09:34,eey9
40,04/10/2016,1,11,39.0,1.2,,,,,,,09:35,eey9
40,04/10/2016,2,0,,,293.0,5,20,17,8.0,0,09:35,eey9
40,04/10/2016,2,1,70.0,2.0,,,,,,,09:37,eey9
40,04/10/2016,2,2,71.0,2.3,,,,,,,09:38,eey9
40,04/10/2016,2,3,63.0,2.2,,,,,,,09:38,eey9
40,04/10/2016,2,4,73.0,3.7,,,,,,,09:38,eey9
40,04/10/2016,2,5,75.0,3.3,,,,,,,09:39,eey9
40,04/10/2016,2,6,64.0,2.5,,,,,,,09:39,eey9
40,04/10/2016,2,7,76.0,3.6,,,,,,,09:40,eey9
40,04/10/2016,2,8,74.0,3.2,,,,,,,09:40,eey9
40,04/10/2016,2,9,63.0,3.3,,,,,,,09:40,eey9
40,04/10/2016,2,10,37.0,1.4,,,,,,,09:41,eey9
40,04/10/2016,3,0,,,290.0,13,50,49,7.0,0,09:41,eey9
40,04/10/2016,3,1,59.0,1.5,,,,,,,09:44,eey9
40,04/10/2016,3,2,52.0,1.4,,,,,,,09:45,eey9
40,04/10/2016,3,3,55.0,1.4,,,,,,,09:45,eey9
40,04/10/2016,3,4,66.0,2.7,,,,,,,09:46,eey9
40,04/10/2016,3,5,68.0,2.9,,,,,,,09:46,eey9
40,04/10/2016,3,6,71.0,3.2,,,,,,,09:46,eey9
40,04/10/2016,3,7,69.0,3.2,,,,,,,09:47,eey9
40,04/10/2016,3,8,53.0,2.4,,,,,,,09:47,eey9
40,04/10/2016,3,9,74.0,3.2,,,,,,,09:47,eey9
40,04/10/2016,3,10,76.0,3.5,,,,,,,09:48,eey9
40,04/10/2016,3,11,60.0,3.2,,,,,,,09:48,eey9
40,04/10/2016,3,12,38.0,1.8,,,,,,,09:48,eey9
42,04/10/2016,1,0,,,278.0,27,79,60,9.0,0,10:05,eey9
42,04/10/2016,1,1,79.0,2.9,,,,,,,10:10,eey9
42,04/10/2016,1,2,69.0,1.2,,,,,,,10:11,eey9
42,04/10/2016,1,3,77.0,2.6,,,,,,,10:11,eey9
42,04/10/2016,1,4,83.0,3.0,,,,,,,10:11,eey9
42,04/10/2016,1,5,79.0,3.2,,,,,,,10:12,eey9
42,04/10/2016,1,6,77.0,3.1,,,,,,,10:12,eey9
42,04/10/2016,1,7,58.0,3.2,,,,,,,10:12,eey9
42,04/10/2016,1,8,42.0,2.3,,,,,,,10:13,eey9
42,04/10/2016,2,0,,,285.0,23,67,53,9.0,0,10:13,eey9
42,04/10/2016,2,1,77.0,2.4,,,,,,,10:16,eey9
42,04/10/2016,2,2,90.0,2.4,,,,,,,10:17,eey9
42,04/10/2016,2,3,91.0,2.3,,,,,,,10:17,eey9
42,04/10/2016,2,4,85.0,2.4,,,,,,,10:18,eey9
42,04/10/2016,2,5,83.0,3.1,,,,,,,10:18,eey9
42,04/10/2016,2,6,83.0,3.1,,,,,,,10:18,eey9
42,04/10/2016,2,7,80.0,3.4,,,,,,,10:19,eey9
42,04/10/2016,2,8,81.0,3.1,,,,,,,10:19,eey9
42,04/10/2016,2,9,69.0,3.2,,,,,,,10:19,eey9
42,04/10/2016,2,10,47.0,1.8,,,,,,,10:20,eey9
42,04/10/2016,3,0,,,267.0,18,50,59,9.0,0,10:20,eey9
42,04/10/2016,3,1,50.0,2.1,,,,,,,10:23,eey9
42,04/10/2016,3,2,72.0,2.6,,,,,,,10:23,eey9
42,04/10/2016,3,3,64.0,2.6,,,,,,,10:23,eey9
42,04/10/2016,3,4,77.0,2.6,,,,,,,10:24,eey9
42,04/10/2016,3,5,83.0,2.9,,,,,,,10:24,eey9
42,04/10/2016,3,6,90.0,2.8,,,,,,,10:25,eey9
42,04/10/2016,3,7,87.0,3.2,,,,,,,10:25,eey9
42,04/10/2016,3,8,89.0,3.0,,,,,,,10:25,eey9
42,04/10/2016,3,9,85.0,3.2,,,,,,,10:26,eey9
42,04/10/2016,3,10,84.0,2.8,,,,,,,10:26,eey9
42,04/10/2016,3,11,79.0,2.9,,,,,,,10:26,eey9
42,04/10/2016,3,12,78.0,2.7,,,,,,,10:27,eey9
42,04/10/2016,3,13,59.0,3.0,,,,,,,10:27,eey9
42,04/10/2016,3,14,45.0,1.2,,,,,,,10:28,eey9
44,04/10/2016,1,0,,,274.0,14,75,50,9.0,0,09:52,eey9
44,04/10/2016,1,1,57.0,1.6,,,,,,,09:55,eey9
44,04/10/2016,1,2,35.0,1.5,,,,,,,09:57,eey9
44,04/10/2016,1,3,35.0,1.5,,,,,,,09:58,eey9
44,04/10/2016,1,4,41.0,2.2,,,,,,,09:58,eey9
44,04/10/2016,1,5,75.0,3.1,,,,,,,09:59,eey9
44,04/10/2016,1,6,75.0,3.5,,,,,,,09:59,eey9
44,04/10/2016,1,7,74.0,3.6,,,,,,,09:59,eey9
44,04/10/2016,1,8,76.0,3.6,,,,,,,09:59,eey9
44,04/10/2016,1,9,56.0,2.8,,,,,,,10:00,eey9
44,04/10/2016,1,10,44.0,1.8,,,,,,,10:00,eey9
44,04/10/2016,2,0,,,250.0,13,63,68,8.0,0,10:01,eey9
44,04/10/2016,2,1,62.0,1.9,,,,,,,10:03,eey9
44,04/10/2016,2,2,67.0,1.3,,,,,,,10:04,eey9
44,04/10/2016,2,3,70.0,2.2,,,,,,,10:04,eey9
44,04/10/2016,2,4,68.0,2.0,,,,,,,10:04,eey9
44,04/10/2016,2,5,73.0,3.6,,,,,,,10:05,eey9
44,04/10/2016,2,6,74.0,3.7,,,,,,,10:05,eey9
44,04/10/2016,2,7,79.0,3.0,,,,,,,10:05,eey9
44,04/10/2016,2,8,80.0,3.7,,,,,,,10:05,eey9
44,04/10/2016,2,9,82.0,3.9,,,,,,,10:06,eey9
44,04/10/2016,2,10,72.0,3.7,,,,,,,10:06,eey9
44,04/10/2016,2,11,52.0,2.7,,,,,,,10:06,eey9
44,04/10/2016,3,0,,,260.0,15,55,64,9.0,0,10:07,eey9
44,04/10/2016,3,1,56.0,1.0,,,,,,,10:09,eey9
44,04/10/2016,3,2,72.0,1.6,,,,,,,10:10,eey9
44,04/10/2016,3,3,73.0,3.3,,,,,,,10:10,eey9
44,04/10/2016,3,4,80.0,3.2,,,,,,,10:11,eey9
44,04/10/2016,3,5,81.0,4.0,,,,,,,10:11,eey9
44,04/10/2016,3,6,77.0,4.0,,,,,,,10:11,eey9
44,04/10/2016,3,7,57.0,2.9,,,,,,,10:12,eey9
46,04/10/2016,1,0,,,180.0,55,35,40,7.0,3,10:29,eey9
46,04/10/2016,1,1,48.0,1.8,,,,,,,10:32,eey9
46,04/10/2016,1,2,79.0,1.6,,,,,,,10:33,eey9
46,04/10/2016,1,3,85.0,1.5,,,,,,,10:33,eey9
46,04/10/2016,1,4,86.0,1.3,,,,,,,10:33,eey9
46,04/10/2016,1,5,85.0,1.4,,,,,,,10:33,eey9
46,04/10/2016,1,6,63.0,1.2,,,,,,,10:34,eey9
46,04/10/2016,1,7,46.0,0.9,,,,,,,10:34,eey9
46,04/10/2016,1,8,18.0,0.2,,,,,,,10:34,eey9
46,04/10/2016,2,0,,,87.0,7,12,17,4.0,0,10:34,eey9
46,04/10/2016,2,1,37.0,0.8,,,,,,,10:36,eey9
46,04/10/2016,2,2,46.0,1.0,,,,,,,10:36,eey9
46,04/10/2016,2,3,75.0,1.2,,,,,,,10:36,eey9
46,04/10/2016,2,4,82.0,1.2,,,,,,,10:37,eey9
46,04/10/2016,2,5,74.0,1.2,,,,,,,10:37,eey9
46,04/10/2016,2,6,46.0,0.7,,,,,,,10:37,eey9
46,04/10/2016,3,0,,,178.0,91,40,43,6.0,3,10:38,eey9
46,04/10/2016,3,1,50.0,1.6,,,,,,,10:40,eey9
46,04/10/2016,3,2,78.0,1.5,,,,,,,10:41,eey9
46,04/10/2016,3,3,83.0,1.6,,,,,,,10:41,eey9
46,04/10/2016,3,4,89.0,1.7,,,,,,,10:41,eey9
46,04/10/2016,3,5,90.0,1.7,,,,,,,10:42,eey9
46,04/10/2016,3,6,80.0,1.5,,,,,,,10:42,eey9
46,04/10/2016,3,7,65.0,1.3,,,,,,,10:42,eey9
46,04/10/2016,3,8,41.0,0.8,,,,,,,10:42,eey9
46,04/10/2016,3,9,12.0,0.2,,,,,,,10:43,eey9
48,04/10/2016,1,0,,,140.0,56,34,29,5.0,5,11:21,eey9
48,04/10/2016,1,1,42.0,1.6,,,,,,,11:28,eey9
48,04/10/2016,1,2,57.0,1.6,,,,,,,11:29,eey9
48,04/10/2016,1,3,62.0,1.7,,,,,,,11:29,eey9
48,04/10/2016,1,4,59.0,1.6,,,,,,,11:30,eey9
48,04/10/2016,1,5,58.0,1.6,,,,,,,11:30,eey9
48,04/10/2016,1,6,45.0,1.5,,,,,,,11:30,eey9
48,04/10/2016,1,7,33.0,1.2,,,,,,,11:31,eey9
48,04/10/2016,1,8,21.0,0.7,,,,,,,11:31,eey9
48,04/10/2016,2,0,,,165.0,42,27,32,5.0,5,11:31,eey9
48,04/10/2016,2,1,50.0,1.7,,,,,,,11:34,eey9
48,04/10/2016,2,2,59.0,1.7,,,,,,,11:34,eey9
48,04/10/2016,2,3,62.0,1.7,,,,,,,11:35,eey9
48,04/10/2016,2,4,60.0,1.4,,,,,,,11:35,eey9
48,04/10/2016,2,5,47.0,1.3,,,,,,,11:35,eey9
48,04/10/2016,2,6,29.0,1.0,,,,,,,11:35,eey9
48,04/10/2016,2,7,8.5,0.3,,,,,,,11:36,eey9
48,04/10/2016,3,0,,,150.0,52,23,32,5.0,5,11:36,eey9
48,04/10/2016,3,1,32.0,1.7,,,,,,,11:38,eey9
48,04/10/2016,3,2,47.0,1.8,,,,,,,11:39,eey9
48,04/10/2016,3,3,50.0,1.9,,,,,,,11:39,eey9
48,04/10/2016,3,4,64.0,1.8,,,,,,,11:39,eey9
48,04/10/2016,3,5,59.0,1.7,,,,,,,11:40,eey9
48,04/10/2016,3,6,49.0,1.4,,,,,,,11:40,eey9
48,04/10/2016,3,7,33.0,1.2,,,,,,,11:40,eey9
48,04/10/2016,3,8,19.0,0.7,,,,,,,11:40,eey9
50,04/10/2016,1,0,,,155.0,73,36,36,6.0,5,11:04,eey9
50,04/10/2016,1,1,41.0,1.9,,,,,,,11:09,eey9
50,04/10/2016,1,2,39.0,1.8,,,,,,,11:10,eey9
50,04/10/2016,1,3,55.0,2.0,,,,,,,11:10,eey9
50,04/10/2016,1,4,51.0,2.0,,,,,,,11:11,eey9
50,04/10/2016,1,5,46.0,1.7,,,,,,,11:11,eey9
50,04/10/2016,1,6,37.0,1.5,,,,,,,11:11,eey9
50,04/10/2016,1,7,23.0,1.2,,,,,,,11:11,eey9
50,04/10/2016,1,8,9.0,0.4,,,,,,,11:12,eey9
50,04/10/2016,2,0,,,147.0,29,33,27,4.0,5,11:12,eey9
50,04/10/2016,2,1,55.0,1.6,,,,,,,11:14,eey9
50,04/10/2016,2,2,53.0,1.6,,,,,,,11:15,eey9
50,04/10/2016,2,3,52.0,1.4,,,,,,,11:15,eey9
50,04/10/2016,2,4,44.0,1.5,,,,,,,11:15,eey9
50,04/10/2016,2,5,27.0,1.1,,,,,,,11:16,eey9
50,04/10/2016,2,6,12.0,0.5,,,,,,,11:16,eey9
50,04/10/2016,3,0,,,152.0,72,43,35,2.0,5,11:17,eey9
50,04/10/2016,3,1,53.0,1.6,,,,,,,11:19,eey9
50,04/10/2016,3,2,57.0,1.6,,,,,,,11:19,eey9
50,04/10/2016,3,3,63.0,1.5,,,,,,,11:19,eey9
50,04/10/2016,3,4,54.0,1.6,,,,,,,11:20,eey9
50,04/10/2016,3,5,47.0,1.2,,,,,,,11:20,eey9
50,04/10/2016,3,6,30.0,1.2,,,,,,,11:20,eey9
50,04/10/2016,3,7,15.0,0.5,,,,,,,11:20,eey9
51,04/10/2016,1,0,,,275.0,12,63,75,9.0,0,10:43,eey9
51,04/10/2016,1,1,70.0,1.2,,,,,,,10:47,eey9
51,04/10/2016,1,2,65.0,2.3,,,,,,,10:48,eey9
51,04/10/2016,1,3,70.0,2.3,,,,,,,10:48,eey9
51,04/10/2016,1,4,74.0,1.7,,,,,,,10:49,eey9
51,04/10/2016,1,5,77.0,2.1,,,,,,,10:49,eey9
51,04/10/2016,1,6,78.0,3.2,,,,,,,10:49,eey9
51,04/10/2016,1,7,78.0,3.0,,,,,,,10:50,eey9
51,04/10/2016,1,8,80.0,2.9,,,,,,,10:50,eey9
51,04/10/2016,1,9,83.0,3.3,,,,,,,10:50,eey9
51,04/10/2016,1,10,81.0,3.2,,,,,,,10:50,eey9
51,04/10/2016,1,11,66.0,3.0,,,,,,,10:51,eey9
51,04/10/2016,1,12,41.0,1.3,,,,,,,10:51,eey9
51,04/10/2016,2,0,,,290.0,20,55,40,8.0,0,10:51,eey9
51,04/10/2016,2,1,69.0,1.6,,,,,,,10:54,eey9
51,04/10/2016,2,2,69.0,1.4,,,,,,,10:55,eey9
51,04/10/2016,2,3,74.0,2.4,,,,,,,10:55,eey9
51,04/10/2016,2,4,74.0,3.2,,,,,,,10:56,eey9
51,04/10/2016,2,5,76.0,3.2,,,,,,,10:56,eey9
51,04/10/2016,2,6,78.0,3.0,,,,,,,10:56,eey9
51,04/10/2016,2,7,78.0,3.2,,,,,,,10:56,eey9
51,04/10/2016,2,8,68.0,3.0,,,,,,,10:57,eey9
51,04/10/2016,2,9,55.0,2.6,,,,,,,10:57,eey9
51,04/10/2016,3,0,,,280.0,17,55,42,8.0,0,10:57,eey9
51,04/10/2016,3,1,53.0,1.9,,,,,,,11:00,eey9
51,04/10/2016,3,2,60.0,2.3,,,,,,,11:02,eey9
51,04/10/2016,3,3,68.0,2.4,,,,,,,11:02,eey9
51,04/10/2016,3,4,69.0,2.7,,,,,,,11:02,eey9
51,04/10/2016,3,5,71.0,3.1,,,,,,,11:03,eey9
51,04/10/2016,3,6,70.0,3.2,,,,,,,11:03,eey9
51,04/10/2016,3,7,74.0,3.3,,,,,,,11:03,eey9
51,04/10/2016,3,8,71.0,3.2,,,,,,,11:03,eey9
51,04/10/2016,3,9,66.0,2.9,,,,,,,11:04,eey9
51,04/10/2016,3,10,43.0,1.6,,,,,,,11:04,eey9
53,04/10/2016,1,0,,,170.0,58,37,35,5.0,3,10:12,eey9
53,04/10/2016,1,1,34.0,1.6,,,,,,,10:16,eey9
53,04/10/2016,1,2,45.0,1.6,,,,,,,10:18,eey9
53,04/10/2016,1,3,66.0,1.7,,,,,,,10:18,eey9
53,04/10/2016,1,4,75.0,1.7,,,,,,,10:19,eey9
53,04/10/2016,1,5,83.0,1.7,,,,,,,10:19,eey9
53,04/10/2016,1,6,85.0,1.9,,,,,,,10:19,eey9
53,04/10/2016,1,7,81.0,1.8,,,,,,,10:20,eey9
53,04/10/2016,1,8,72.0,1.7,,,,,,,10:20,eey9
53,04/10/2016,1,9,52.0,1.3,,,,,,,10:20,eey9
53,04/10/2016,1,10,27.0,0.5,,,,,,,10:20,eey9
53,04/10/2016,2,0,,,170.0,66,42,43,5.0,3,10:21,eey9
53,04/10/2016,2,1,56.0,1.2,,,,,,,10:23,eey9
53,04/10/2016,2,2,81.0,1.3,,,,,,,10:24,eey9
53,04/10/2016,2,3,88.0,1.5,,,,,,,10:24,eey9
53,04/10/2016,2,4,93.0,1.7,,,,,,,10:24,eey9
53,04/10/2016,2,5,84.0,1.8,,,,,,,10:25,eey9
53,04/10/2016,2,6,65.0,1.3,,,,,,,10:25,eey9
53,04/10/2016,2,7,43.0,0.7,,,,,,,10:25,eey9
53,04/10/2016,3,0,,,172.0,52,32,43,6.0,3,10:26,eey9
53,04/10/2016,3,1,71.0,1.1,,,,,,,10:28,eey9
53,04/10/2016,3,2,78.0,1.3,,,,,,,10:28,eey9
53,04/10/2016,3,3,89.0,1.4,,,,,,,10:28,eey9
53,04/10/2016,3,4,53.0,1.6,,,,,,,10:29,eey9
53,04/10/2016,3,5,84.0,1.7,,,,,,,10:29,eey9
53,04/10/2016,3,6,63.0,1.3,,,,,,,10:29,eey9
53,04/10/2016,3,7,36.0,0.6,,,,,,,10:30,eey9
56,04/10/2016,1,0,,,270.0,19,61,52,10.0,0,11:41,eey9
56,04/10/2016,1,1,63.0,2.0,,,,,,,11:44,eey9
56,04/10/2016,1,2,72.0,2.7,,,,,,,11:44,eey9
56,04/10/2016,1,3,76.0,2.8,,,,,,,11:44,eey9
56,04/10/2016,1,4,74.0,2.8,,,,,,,11:45,eey9
56,04/10/2016,1,5,90.0,2.6,,,,,,,11:45,eey9
56,04/10/2016,1,6,87.0,2.8,,,,,,,11:45,eey9
56,04/10/2016,1,7,87.0,3.0,,,,,,,11:46,eey9
56,04/10/2016,1,8,87.0,3.2,,,,,,,11:46,eey9
56,04/10/2016,1,9,86.0,3.3,,,,,,,11:46,eey9
56,04/10/2016,1,10,83.0,3.3,,,,,,,11:46,eey9
56,04/10/2016,1,11,77.0,3.1,,,,,,,11:47,eey9
56,04/10/2016,1,12,67.0,2.6,,,,,,,11:47,eey9
56,04/10/2016,1,13,21.0,1.9,,,,,,,11:47,eey9
56,04/10/2016,2,0,,,277.0,13,67,70,10.0,0,11:48,eey9
56,04/10/2016,2,1,66.0,2.2,,,,,,,11:52,eey9
56,04/10/2016,2,2,73.0,2.2,,,,,,,11:52,eey9
56,04/10/2016,2,3,81.0,1.7,,,,,,,11:53,eey9
56,04/10/2016,2,4,77.0,2.0,,,,,,,11:53,eey9
56,04/10/2016,2,5,99.0,2.4,,,,,,,11:53,eey9
56,04/10/2016,2,6,95.0,2.2,,,,,,,11:54,eey9
56,04/10/2016,2,7,93.0,2.6,,,,,,,11:54,eey9
56,04/10/2016,2,8,93.0,2.6,,,,,,,11:54,eey9
56,04/10/2016,2,9,87.0,2.8,,,,,,,11:55,eey9
56,04/10/2016,2,10,68.0,3.0,,,,,,,11:55,eey9
56,04/10/2016,2,11,47.0,1.7,,,,,,,11:55,eey9
56,04/10/2016,3,0,,,280.0,28,59,72,10.0,0,11:56,eey9
56,04/10/2016,3,1,78.0,2.5,,,,,,,11:58,eey9
56,04/10/2016,3,2,83.0,2.8,,,,,,,11:59,eey9
56,04/10/2016,3,3,90.0,2.8,,,,,,,12:00,eey9
56,04/10/2016,3,4,88.0,3.3,,,,,,,12:00,eey9
56,04/10/2016,3,5,90.0,3.2,,,,,,,12:00,eey9
56,04/10/2016,3,6,88.0,2.9,,,,,,,12:00,eey9
56,04/10/2016,3,7,89.0,3.2,,,,,,,12:01,eey9
56,04/10/2016,3,8,83.0,2.9,,,,,,,12:01,eey9
56,04/10/2016,3,9,68.0,2.5,,,,,,,12:01,eey9
56,04/10/2016,3,10,47.0,0.7,,,,,,,12:02,eey9
57,04/10/2016,1,0,,,165.0,37,35,25,6.0,3,12:02,eey9
57,04/10/2016,1,1,53.0,1.9,,,,,,,12:05,eey9
57,04/10/2016,1,2,69.0,2.0,,,,,,,12:06,eey9
57,04/10/2016,1,3,77.0,1.8,,,,,,,12:06,eey9
57,04/10/2016,1,4,83.0,1.8,,,,,,,12:06,eey9
57,04/10/2016,1,5,82.0,1.8,,,,,,,12:06,eey9
57,04/10/2016,1,6,79.0,1.7,,,,,,,12:06,eey9
57,04/10/2016,1,7,55.0,1.2,,,,,,,12:07,eey9
57,04/10/2016,1,8,29.0,0.6,,,,,,,12:07,eey9
57,04/10/2016,2,0,,,174.0,33,40,29,5.0,3,12:07,eey9
57,04/10/2016,2,1,30.0,1.5,,,,,,,12:09,eey9
57,04/10/2016,2,2,20.0,1.2,,,,,,,12:10,eey9
57,04/10/2016,2,3,34.0,1.5,,,,,,,12:10,eey9
57,04/10/2016,2,4,72.0,1.6,,,,,,,12:10,eey9
57,04/10/2016,2,5,70.0,1.7,,,,,,,12:10,eey9
57,04/10/2016,2,6,83.0,1.8,,,,,,,12:11,eey9
57,04/10/2016,2,7,70.0,1.7,,,,,,,12:11,eey9
57,04/10/2016,2,8,52.0,1.5,,,,,,,12:11,eey9
57,04/10/2016,2,9,28.0,0.7,,,,,,,12:11,eey9
57,04/10/2016,3,0,,,150.0,35,43,45,4.0,1,12:12,eey9
57,04/10/2016,3,1,75.0,1.2,,,,,,,12:14,eey9
57,04/10/2016,3,2,50.0,1.4,,,,,,,12:14,eey9
57,04/10/2016,3,3,79.0,1.6,,,,,,,12:14,eey9
57,04/10/2016,3,4,78.0,1.6,,,,,,,12:15,eey9
57,04/10/2016,3,5,81.0,1.6,,,,,,,12:15,eey9
57,04/10/2016,3,6,60.0,1.5,,,,,,,12:15,eey9
57,04/10/2016,3,7,41.0,0.7,,,,,,,12:16,eey9
58,04/10/2016,1,0,,,275.0,14,60,54,9.0,0,12:16,eey9
58,04/10/2016,1,1,70.0,1.1,,,,,,,12:20,eey9
58,04/10/2016,1,2,77.0,2.2,,,,,,,12:21,eey9
58,04/10/2016,1,3,82.0,2.4,,,,,,,12:21,eey9
58,04/10/2016,1,4,82.0,3.0,,,,,,,12:21,eey9
58,04/10/2016,1,5,83.0,3.9,,,,,,,12:22,eey9
58,04/10/2016,1,6,84.0,3.7,,,,,,,12:22,eey9
58,04/10/2016,1,7,85.0,3.8,,,,,,,12:23,eey9
58,04/10/2016,1,8,76.0,3.6,,,,,,,12:23,eey9
58,04/10/2016,1,9,53.0,3.3,,,,,,,12:23,eey9
58,04/10/2016,1,10,31.0,1.1,,,,,,,12:24,eey9
58,04/10/2016,2,0,,,295.0,5,34,35,8.0,0,12:24,eey9
58,04/10/2016,2,1,60.0,1.2,,,,,,,12:27,eey9
58,04/10/2016,2,2,65.0,2.0,,,,,,,12:28,eey9
58,04/10/2016,2,3,75.0,2.0,,,,,,,12:28,eey9
58,04/10/2016,2,4,81.0,3.7,,,,,,,12:29,eey9
58,04/10/2016,2,5,79.0,3.6,,,,,,,12:29,eey9
58,04/10/2016,2,6,55.0,1.4,,,,,,,12:29,eey9
58,04/10/2016,2,7,68.0,2.8,,,,,,,12:30,eey9
58,04/10/2016,2,8,43.0,2.6,,,,,,,12:30,eey9
58,04/10/2016,3,0,,,274.0,8,45,46,7.0,0,12:30,eey9
58,04/10/2016,3,1,63.0,0.6,,,,,,,12:33,eey9
58,04/10/2016,3,2,72.0,3.7,,,,,,,12:34,eey9
58,04/10/2016,3,3,74.0,3.2,,,,,,,12:34,eey9
58,04/10/2016,3,4,77.0,3.5,,,,,,,12:35,eey9
58,04/10/2016,3,5,79.0,3.8,,,,,,,12:35,eey9
58,04/10/2016,3,6,66.0,3.2,,,,,,,12:36,eey9
58,04/10/2016,3,7,33.0,2.2,,,,,,,12:36,eey9
61,04/10/2016,1,0,,,133.0,51,26,30,6.0,5,12:37,eey9
61,04/10/2016,1,1,37.0,1.9,,,,,,,12:40,eey9
61,04/10/2016,1,2,44.0,1.9,,,,,,,12:41,eey9
61,04/10/2016,1,3,50.0,1.7,,,,,,,12:41,eey9
61,04/10/2016,1,4,51.0,1.7,,,,,,,12:41,eey9
61,04/10/2016,1,5,42.0,1.4,,,,,,,12:42,eey9
61,04/10/2016,1,6,30.0,1.2,,,,,,,12:42,eey9
61,04/10/2016,1,7,20.0,0.6,,,,,,,12:42,eey9
61,04/10/2016,2,0,,,155.0,73,27,31,6.0,5,12:43,eey9
61,04/10/2016,2,1,23.0,1.7,,,,,,,12:45,eey9
61,04/10/2016,2,2,45.0,2.0,,,,,,,12:46,eey9
61,04/10/2016,2,3,46.0,1.9,,,,,,,12:46,eey9
61,04/10/2016,2,4,55.0,2.0,,,,,,,12:46,eey9
61,04/10/2016,2,5,56.0,1.8,,,,,,,12:47,eey9
61,04/10/2016,2,6,55.0,1.7,,,,,,,12:47,eey9
61,04/10/2016,2,7,42.0,1.4,,,,,,,12:47,eey9
61,04/10/2016,2,8,22.0,0.7,,,,,,,12:47,eey9
61,04/10/2016,3,0,,,149.0,61,33,35,5.0,5,12:48,eey9
61,04/10/2016,3,1,53.0,2.1,,,,,,,12:50,eey9
61,04/10/2016,3,2,58.0,1.7,,,,,,,12:51,eey9
61,04/10/2016,3,3,56.0,1.7,,,,,,,12:51,eey9
61,04/10/2016,3,4,30.0,0.3,,,,,,,12:51,eey9
61,04/10/2016,3,5,18.0,0.3,,,,,,,12:51,eey9
